"","health_outcomes_rank","health_factors_rank","life_length_rank","life_quality_rank","health_behav_rank","clinical_care_rank","socio_econ_fact_rank","physical_env_rank","County"
"1",8.14285714285714,4.28571428571429,8.57142857142857,7.14285714285714,4.28571428571429,3.57142857142857,6.14285714285714,2.28571428571429,1
"2",4.14285714285714,5,1.71428571428571,7.71428571428571,5.57142857142857,6.71428571428571,5.28571428571429,3.85714285714286,2
"3",1.71428571428571,1.42857142857143,2,2.28571428571429,1.57142857142857,3.85714285714286,1.28571428571429,10,3
"4",5.57142857142857,6.14285714285714,2.71428571428571,9,4.42857142857143,4.85714285714286,7.85714285714286,2.71428571428571,4
"5",7.42857142857143,7.85714285714286,7.28571428571429,7.85714285714286,8,4.57142857142857,8.28571428571428,1.57142857142857,5
"6",5.14285714285714,4,7.14285714285714,3,4.57142857142857,7.71428571428571,2.28571428571429,2.85714285714286,6
"7",6.57142857142857,8.14285714285714,6.14285714285714,6.71428571428571,9.71428571428571,7.14285714285714,6.57142857142857,7.71428571428571,7
"8",1.42857142857143,2,1.14285714285714,2.57142857142857,3.57142857142857,2.71428571428571,1.71428571428571,7.85714285714286,8
"9",6,3.71428571428571,5.85714285714286,6.28571428571429,2.28571428571429,1.14285714285714,7.57142857142857,9.28571428571428,9
"10",4.71428571428571,3.14285714285714,6,4,6.42857142857143,1.71428571428571,2.85714285714286,8.85714285714286,10
"11",3,6,4.57142857142857,1.71428571428571,4,9.57142857142857,5.57142857142857,3.71428571428571,11
"12",1.28571428571429,1.71428571428571,1.57142857142857,1.57142857142857,1.42857142857143,8.14285714285714,2,4.14285714285714,12
"13",8.71428571428571,8.42857142857143,6.28571428571429,10,6,8.71428571428571,8.42857142857143,4.57142857142857,13
"14",4.42857142857143,7.71428571428571,5.28571428571429,3.28571428571429,5.28571428571429,5.85714285714286,7.14285714285714,9.14285714285714,14
"15",9.42857142857143,8.28571428571428,9.28571428571428,9.57142857142857,6.57142857142857,6.57142857142857,8.85714285714286,5.85714285714286,15
"16",6.85714285714286,8.85714285714286,5.57142857142857,8.71428571428571,8.71428571428571,8.28571428571428,7,9.85714285714286,16
"17",3.57142857142857,1.28571428571429,4.14285714285714,3.42857142857143,1.14285714285714,1.42857142857143,3,9.57142857142857,17
"18",9.85714285714286,10,9.85714285714286,6.14285714285714,9.28571428571428,7.42857142857143,10,5.57142857142857,18
"19",7.28571428571429,5.57142857142857,9.14285714285714,3.14285714285714,8.42857142857143,5.57142857142857,4.28571428571429,3.42857142857143,19
"20",8,7,6.42857142857143,9.85714285714286,7.42857142857143,6.42857142857143,6.71428571428571,1,20
"21",7.57142857142857,9.85714285714286,7.57142857142857,7.28571428571429,10,8,9.28571428571428,6.85714285714286,21
"22",6.14285714285714,6.28571428571429,6.71428571428571,5.28571428571429,6.71428571428571,7.85714285714286,5,5.71428571428571,22
"23",4.85714285714286,3.42857142857143,4.71428571428571,5.42857142857143,6.14285714285714,1.85714285714286,4.71428571428571,2.14285714285714,23
"24",8.42857142857143,6.42857142857143,8.42857142857143,8.28571428571428,5.85714285714286,2.57142857142857,7.42857142857143,8.57142857142857,24
"25",4.28571428571429,4.57142857142857,3.14285714285714,5.57142857142857,4.14285714285714,9.42857142857143,3.14285714285714,7.57142857142857,25
"26",3.14285714285714,1.57142857142857,3.85714285714286,2.85714285714286,1.71428571428571,2,3.42857142857143,6.71428571428571,26
"27",7.85714285714286,4.85714285714286,7.42857142857143,8,9.57142857142857,5,2.71428571428571,3.14285714285714,27
"28",1.57142857142857,1.14285714285714,2.14285714285714,2,1.28571428571429,1.57142857142857,1.14285714285714,4.28571428571429,29
"29",1.85714285714286,2.14285714285714,1,3.57142857142857,3.28571428571429,3.42857142857143,1.85714285714286,4,30
"30",2.57142857142857,3.85714285714286,3.71428571428571,1.85714285714286,2.57142857142857,9.71428571428571,2.14285714285714,2,28
"31",2.42857142857143,2.71428571428571,2.57142857142857,2.42857142857143,2.14285714285714,7,2.57142857142857,9,31
"32",3.42857142857143,2.85714285714286,4.42857142857143,2.71428571428571,5.42857142857143,7.28571428571429,1.57142857142857,3.57142857142857,32
"33",10,9.57142857142857,10,8.14285714285714,9,5.42857142857143,9.57142857142857,4.85714285714286,33
"34",9,9.71428571428571,8.71428571428571,8.85714285714286,8.28571428571428,5.28571428571429,9.71428571428571,8.28571428571428,34
"35",6.42857142857143,5.71428571428571,6.57142857142857,6.42857142857143,2.85714285714286,5.14285714285714,8,7,35
"36",9.28571428571428,7.57142857142857,9.71428571428571,7.57142857142857,2.42857142857143,1,9.85714285714286,8.42857142857143,36
"37",3.85714285714286,3.57142857142857,2.85714285714286,4.57142857142857,2.71428571428571,2.14285714285714,5.85714285714286,8.71428571428571,37
"38",2.71428571428571,3,2.28571428571429,3.71428571428571,3.14285714285714,5.71428571428571,3.28571428571429,6.14285714285714,38
"39",4,4.71428571428571,4,4.28571428571429,5,3.71428571428571,6.42857142857143,7.28571428571429,39
"40",5.42857142857143,2.57142857142857,5.71428571428571,4.85714285714286,3.71428571428571,1.28571428571429,4,5.42857142857143,40
"41",7,9.14285714285714,8,4.71428571428571,8.14285714285714,8.85714285714286,8.71428571428571,6.42857142857143,41
"42",7.71428571428571,8,8.28571428571428,6.57142857142857,8.85714285714286,6.28571428571429,6.85714285714286,5.14285714285714,42
"43",5,5.85714285714286,3.42857142857143,7.42857142857143,6.28571428571429,9,4.42857142857143,2.42857142857143,43
"44",9.71428571428571,9.28571428571428,9.42857142857143,9.28571428571428,7,9.85714285714286,8.57142857142857,6.28571428571429,44
"45",2.28571428571429,2.42857142857143,3.28571428571429,2.14285714285714,4.85714285714286,4.42857142857143,1.42857142857143,8,45
"46",9.14285714285714,9,8.85714285714286,9.14285714285714,7.85714285714286,8.42857142857143,9,5,46
"47",4.57142857142857,7.28571428571429,4.28571428571429,5,8.57142857142857,4.28571428571429,5.14285714285714,9.42857142857143,47
"48",5.28571428571429,4.42857142857143,5.14285714285714,5.85714285714286,6.85714285714286,2.42857142857143,5.42857142857143,7.14285714285714,48
"49",8.85714285714286,6.85714285714286,8.14285714285714,9.42857142857143,7.28571428571429,3,8.14285714285714,1.28571428571429,49
"50",6.28571428571429,5.14285714285714,4.85714285714286,8.42857142857143,7.71428571428571,6,4.57142857142857,1.42857142857143,50
"51",6.71428571428571,6.57142857142857,7,7,9.14285714285714,2.28571428571429,5.71428571428571,8.14285714285714,51
"52",1,1,1.28571428571429,1.14285714285714,1,3.14285714285714,1,4.71428571428571,52
"53",8.28571428571428,5.28571428571429,9,5.14285714285714,7.14285714285714,4.14285714285714,6.28571428571429,2.57142857142857,53
"54",2,8.71428571428571,3.57142857142857,1.28571428571429,7.57142857142857,6.85714285714286,9.42857142857143,1.85714285714286,54
"55",5.71428571428571,3.28571428571429,5.42857142857143,6,4.71428571428571,3.28571428571429,3.57142857142857,3,55
"56",3.71428571428571,7.42857142857143,3,4.42857142857143,5.71428571428571,9.28571428571428,6,7.42857142857143,56
"57",3.28571428571429,4.14285714285714,2.42857142857143,4.14285714285714,3,7.57142857142857,4.14285714285714,3.28571428571429,57
"58",1.14285714285714,7.14285714285714,1.42857142857143,1.42857142857143,9.42857142857143,8.57142857142857,2.42857142857143,6.57142857142857,58
"59",9.57142857142857,8.57142857142857,9.57142857142857,8.57142857142857,9.85714285714286,6.14285714285714,7.71428571428571,1.57142857142857,59
"60",7.14285714285714,5.42857142857143,7.85714285714286,5.71428571428571,5.14285714285714,2.85714285714286,7.28571428571429,6,60
"61",8.57142857142857,1.85714285714286,7.71428571428571,9.71428571428571,2,4.71428571428571,3.85714285714286,1.14285714285714,61
"62",2.14285714285714,9.42857142857143,1.85714285714286,3.85714285714286,3.85714285714286,10,9.14285714285714,4.42857142857143,62
"63",2.85714285714286,2.28571428571429,6.85714285714286,1,1.85714285714286,4,3.71428571428571,5.28571428571429,63
"64",5.85714285714286,6.71428571428571,5,6.85714285714286,3.42857142857143,9.14285714285714,4.85714285714286,9.71428571428571,64
"65",8,3.85714285714286,8.28571428571428,7.14285714285714,3.85714285714286,4.71428571428571,5.14285714285714,4.28571428571429,1
"66",1.14285714285714,6,1,7.85714285714286,5.71428571428571,7.57142857142857,5.71428571428571,5.42857142857143,2
"67",2.28571428571429,1.28571428571429,1.85714285714286,2.71428571428571,1.85714285714286,2.28571428571429,1.28571428571429,10,3
"68",5.28571428571429,5.42857142857143,2.42857142857143,9.28571428571428,5.14285714285714,3.28571428571429,7.14285714285714,9,4
"69",8.14285714285714,8.57142857142857,7,9,9.57142857142857,5.71428571428571,6.71428571428571,5,5
"70",5,3.71428571428571,5.28571428571429,4.28571428571429,4.42857142857143,7.28571428571429,2.71428571428571,7.85714285714286,6
"71",6.57142857142857,8.85714285714286,7.28571428571429,4.57142857142857,9.71428571428571,6.85714285714286,7,8,7
"72",1.42857142857143,2,1.14285714285714,3.28571428571429,3.42857142857143,4.14285714285714,1.85714285714286,5.57142857142857,8
"73",6.28571428571429,3.42857142857143,6.57142857142857,6.14285714285714,2.85714285714286,1,7.28571428571429,9.28571428571428,9
"74",5.42857142857143,3,6.85714285714286,3.57142857142857,6.42857142857143,2.14285714285714,2.28571428571429,6.42857142857143,10
"75",2.85714285714286,6.28571428571429,3.71428571428571,1.85714285714286,2.42857142857143,9.57142857142857,6.57142857142857,8.14285714285714,11
"76",1.28571428571429,1.57142857142857,1.42857142857143,1.28571428571429,1.28571428571429,8.57142857142857,1.14285714285714,7,12
"77",8.42857142857143,8.71428571428571,5.14285714285714,10,7,7.42857142857143,8.71428571428571,9.14285714285714,13
"78",5.14285714285714,7.85714285714286,6,4.14285714285714,5.42857142857143,5.28571428571429,8.57142857142857,8.57142857142857,14
"79",9.71428571428571,8.28571428571428,9.57142857142857,9.71428571428571,6.14285714285714,4,9.14285714285714,2.71428571428571,15
"80",6.71428571428571,8,5.42857142857143,8.42857142857143,8.14285714285714,8.14285714285714,6,8.42857142857143,16
"81",3.57142857142857,1.71428571428571,4.57142857142857,3.42857142857143,1.14285714285714,1.28571428571429,4,8.71428571428571,17
"82",10,10,10,7.28571428571429,9.42857142857143,8.28571428571428,10,7.71428571428571,18
"83",7.85714285714286,6.14285714285714,9.28571428571428,3.71428571428571,8.28571428571428,7,4.42857142857143,6,19
"84",7.42857142857143,6.42857142857143,6.14285714285714,9.57142857142857,5.85714285714286,6.42857142857143,6.85714285714286,5.85714285714286,20
"85",8.57142857142857,9.71428571428571,8.71428571428571,7.57142857142857,10,7.85714285714286,9,3.42857142857143,21
"86",7.14285714285714,7,8.14285714285714,5.28571428571429,7.85714285714286,8.42857142857143,4.85714285714286,8.14285714285714,22
"87",4.57142857142857,4.42857142857143,4.14285714285714,5.57142857142857,6,3.85714285714286,5.57142857142857,4.14285714285714,23
"88",7.71428571428571,7.28571428571429,7.14285714285714,8.14285714285714,4.85714285714286,3.71428571428571,8.14285714285714,9.85714285714286,24
"89",3.85714285714286,3.57142857142857,3,6.28571428571429,4.14285714285714,9,2.57142857142857,2.28571428571429,25
"90",3.28571428571429,1.85714285714286,3.85714285714286,3.14285714285714,1.71428571428571,1.57142857142857,3.85714285714286,3.71428571428571,26
"91",8.28571428571428,5,8.42857142857143,7.42857142857143,9.28571428571428,5.42857142857143,2.85714285714286,1.57142857142857,27
"92",2,1.14285714285714,2.57142857142857,1.42857142857143,1.42857142857143,1.71428571428571,1.42857142857143,1.28571428571429,29
"93",2.14285714285714,3.14285714285714,1.57142857142857,3,6.57142857142857,3,2,8.85714285714286,30
"94",2.71428571428571,5.14285714285714,3.42857142857143,1.57142857142857,3.28571428571429,9.85714285714286,3.28571428571429,7.42857142857143,28
"95",1.85714285714286,2.85714285714286,2.14285714285714,2.14285714285714,2.14285714285714,4.42857142857143,3,6.71428571428571,31
"96",3.14285714285714,2.42857142857143,4,2.42857142857143,4.57142857142857,6.57142857142857,1.57142857142857,3.57142857142857,32
"97",9.85714285714286,9.85714285714286,9.85714285714286,9.14285714285714,9,8,9.57142857142857,2.14285714285714,33
"98",8.85714285714286,9.57142857142857,8,9.42857142857143,7.71428571428571,4.57142857142857,9.42857142857143,9.42857142857143,34
"99",5.85714285714286,6.85714285714286,6.28571428571429,5.42857142857143,4,4.85714285714286,8,6.57142857142857,35
"100",9.42857142857143,7.71428571428571,9.71428571428571,7.71428571428571,2,1.14285714285714,9.85714285714286,4.57142857142857,36
"101",4.14285714285714,3.28571428571429,4.42857142857143,4.71428571428571,3.57142857142857,2.57142857142857,5.42857142857143,2,37
"102",1.71428571428571,2.57142857142857,2,2.28571428571429,3.14285714285714,6.28571428571429,2.42857142857143,1.14285714285714,38
"103",4.71428571428571,4,5.85714285714286,4,2.71428571428571,2,6.14285714285714,9.71428571428571,39
"104",4.28571428571429,2.28571428571429,4.71428571428571,4.85714285714286,3,1.42857142857143,3.42857142857143,6.28571428571429,40
"105",6.85714285714286,8.42857142857143,7.57142857142857,5.71428571428571,4.71428571428571,9.42857142857143,8.42857142857143,1.71428571428571,41
"106",6.42857142857143,7.42857142857143,6.42857142857143,6.42857142857143,6.71428571428571,6,7.85714285714286,6.14285714285714,42
"107",4,7.57142857142857,2.71428571428571,6.71428571428571,7.42857142857143,8.85714285714286,5.85714285714286,6.85714285714286,43
"108",9.14285714285714,4.85714285714286,8.85714285714286,8.57142857142857,5.57142857142857,3.14285714285714,7.42857142857143,4.85714285714286,44
"109",2.42857142857143,1.42857142857143,2.28571428571429,2.57142857142857,2.57142857142857,3.57142857142857,1.71428571428571,2.85714285714286,45
"110",9,9.14285714285714,9.14285714285714,8,8.42857142857143,9.14285714285714,8.85714285714286,7.28571428571429,46
"111",4.42857142857143,4.28571428571429,4.28571428571429,5,4.28571428571429,6.14285714285714,4.14285714285714,9.57142857142857,47
"112",4.85714285714286,5.71428571428571,3.28571428571429,6.57142857142857,8.57142857142857,4.28571428571429,4.57142857142857,2.57142857142857,48
"113",8.71428571428571,7.14285714285714,7.71428571428571,8.71428571428571,8.71428571428571,2.71428571428571,7.57142857142857,4.71428571428571,49
"114",7,5.85714285714286,5.71428571428571,8.85714285714286,7.14285714285714,7.14285714285714,5,3.14285714285714,50
"115",6.14285714285714,4.57142857142857,5,7,8,2.42857142857143,4.71428571428571,5.14285714285714,51
"116",1,1,1.28571428571429,1.14285714285714,1,1.85714285714286,1,1,52
"117",7.57142857142857,5.28571428571429,8.57142857142857,5.14285714285714,7.57142857142857,5.85714285714286,5.28571428571429,1.85714285714286,53
"118",2.57142857142857,9.42857142857143,2.85714285714286,2,6.28571428571429,5.57142857142857,9.71428571428571,4.42857142857143,54
"119",6,4.71428571428571,5.57142857142857,6,9.14285714285714,3.42857142857143,3.57142857142857,5.28571428571429,55
"120",5.71428571428571,8.14285714285714,6.71428571428571,4.42857142857143,7.28571428571429,8.71428571428571,7.71428571428571,2.42857142857143,56
"121",3.42857142857143,4.14285714285714,3.57142857142857,3.85714285714286,5.28571428571429,7.71428571428571,3.71428571428571,3.85714285714286,57
"122",1.57142857142857,6.71428571428571,1.71428571428571,1.71428571428571,8.85714285714286,9.71428571428571,2.14285714285714,7.57142857142857,58
"123",9.57142857142857,9,9.42857142857143,8.28571428571428,9.85714285714286,6.71428571428571,8.28571428571428,4,59
"124",7.28571428571429,5.57142857142857,7.85714285714286,5.85714285714286,6.85714285714286,2.85714285714286,6.42857142857143,7.14285714285714,60
"125",9.28571428571428,2.71428571428571,9,9.85714285714286,2.28571428571429,5,4.28571428571429,1.42857142857143,61
"126",3,9.28571428571428,3.14285714285714,2.85714285714286,5,10,9.28571428571428,3.28571428571429,62
"127",3.71428571428571,2.14285714285714,7.42857142857143,1,1.57142857142857,5.14285714285714,3.14285714285714,3,63
"128",5.57142857142857,6.57142857142857,4.85714285714286,6.85714285714286,3.71428571428571,9.28571428571428,6.28571428571429,5.71428571428571,64
"129",7.42857142857143,4.57142857142857,7.85714285714286,5.71428571428571,4.42857142857143,5,4.85714285714286,2.42857142857143,1
"130",6.71428571428571,7.42857142857143,5.85714285714286,8,7.57142857142857,8.85714285714286,5.85714285714286,5.28571428571429,2
"131",1.28571428571429,1.42857142857143,1.42857142857143,1.57142857142857,1.42857142857143,2.14285714285714,1.57142857142857,9.85714285714286,3
"132",6.42857142857143,5.28571428571429,3.28571428571429,10,3.28571428571429,3.57142857142857,7.57142857142857,9.57142857142857,4
"133",6.57142857142857,8.57142857142857,6.42857142857143,7.42857142857143,9,6.71428571428571,6.85714285714286,7.42857142857143,5
"134",3.71428571428571,3.14285714285714,5,3.42857142857143,6.14285714285714,4.14285714285714,1.85714285714286,6.71428571428571,6
"135",8.85714285714286,8.28571428571428,8.85714285714286,7,9.85714285714286,7.14285714285714,5.14285714285714,5.42857142857143,7
"136",1.57142857142857,2.42857142857143,1.14285714285714,3.14285714285714,4,2.57142857142857,2.42857142857143,7.14285714285714,8
"137",6.14285714285714,3.57142857142857,6.57142857142857,6,3.14285714285714,1.14285714285714,6.57142857142857,9,9
"138",5,3,7.28571428571429,3.57142857142857,4.85714285714286,1.71428571428571,2.71428571428571,8,10
"139",3.42857142857143,7,4.14285714285714,3,8.28571428571428,9.14285714285714,5.42857142857143,1.28571428571429,11
"140",1.85714285714286,2,2.57142857142857,1.71428571428571,1.71428571428571,6.28571428571429,1.42857142857143,8.28571428571428,12
"141",8.42857142857143,9.28571428571428,6.14285714285714,9.71428571428571,8.42857142857143,8.28571428571428,9.28571428571428,8.85714285714286,13
"142",3.57142857142857,8,4.71428571428571,3.85714285714286,6.42857142857143,7.85714285714286,8.14285714285714,3.28571428571429,14
"143",9.85714285714286,8.42857142857143,9.85714285714286,9.28571428571428,3.71428571428571,7.71428571428571,9.14285714285714,1.85714285714286,15
"144",6.85714285714286,7.85714285714286,5.42857142857143,9.14285714285714,9.42857142857143,6.85714285714286,5.28571428571429,6.28571428571429,16
"145",3.28571428571429,1.57142857142857,4.28571428571429,2.71428571428571,1.28571428571429,1,4,8.57142857142857,17
"146",10,10,10,8.85714285714286,8.57142857142857,9.57142857142857,10,4.28571428571429,18
"147",5.71428571428571,6.28571428571429,8.42857142857143,2.42857142857143,7.14285714285714,6.57142857142857,5,9.14285714285714,19
"148",7,7.14285714285714,6.28571428571429,8.14285714285714,5.71428571428571,8.42857142857143,6.71428571428571,6.85714285714286,20
"149",7.85714285714286,9.71428571428571,7.42857142857143,7.71428571428571,10,8.71428571428571,8.85714285714286,3.71428571428571,21
"150",8,5.71428571428571,8.14285714285714,6.85714285714286,7.42857142857143,6,3.28571428571429,10,22
"151",3.85714285714286,4.85714285714286,4,4,4.28571428571429,3,6.42857142857143,7.28571428571429,23
"152",5.28571428571429,6.85714285714286,3.71428571428571,8.28571428571428,3.42857142857143,3.85714285714286,8.57142857142857,9.71428571428571,24
"153",3.14285714285714,4,2.14285714285714,6.42857142857143,5.14285714285714,7,3,2.57142857142857,25
"154",2.85714285714286,2.14285714285714,3.14285714285714,2.57142857142857,2.28571428571429,2,3.71428571428571,4.14285714285714,26
"155",8.28571428571428,4.28571428571429,8.28571428571428,7.14285714285714,8.14285714285714,4.42857142857143,2.85714285714286,4,27
"156",1.71428571428571,1.28571428571429,2.28571428571429,1.42857142857143,2,1.28571428571429,2.28571428571429,2.85714285714286,29
"157",2,2.57142857142857,2,2.85714285714286,5.28571428571429,2.85714285714286,1.71428571428571,8.71428571428571,30
"158",1.14285714285714,4.14285714285714,1.71428571428571,1.14285714285714,3,9.42857142857143,2.57142857142857,8.14285714285714,28
"159",2.14285714285714,2.28571428571429,1.85714285714286,3.28571428571429,1.85714285714286,3.14285714285714,4.14285714285714,1.14285714285714,31
"160",2.71428571428571,2.85714285714286,3.57142857142857,2.28571428571429,3.85714285714286,5.14285714285714,2,7.71428571428571,32
"161",9.14285714285714,9.85714285714286,9.28571428571428,5.42857142857143,9.28571428571428,9.28571428571428,9.71428571428571,3,33
"162",9.28571428571428,9,8.71428571428571,9.57142857142857,7.28571428571429,6.14285714285714,9.57142857142857,7,34
"163",5.14285714285714,6.57142857142857,3.85714285714286,7.57142857142857,7,5.42857142857143,7.71428571428571,2.14285714285714,35
"164",9.42857142857143,4.71428571428571,9.71428571428571,7.28571428571429,2.42857142857143,3.71428571428571,8.28571428571428,3.85714285714286,36
"165",4.14285714285714,3.28571428571429,3,5.28571428571429,2.85714285714286,2.42857142857143,4.42857142857143,5,37
"166",2.57142857142857,1.71428571428571,2.71428571428571,2.14285714285714,2.71428571428571,5.71428571428571,1.14285714285714,2,38
"167",5.85714285714286,3.71428571428571,7,4.71428571428571,1.57142857142857,4.57142857142857,6.14285714285714,9.28571428571428,39
"168",4.28571428571429,3.42857142857143,4.42857142857143,4.42857142857143,3.57142857142857,1.57142857142857,4.71428571428571,6,40
"169",8.14285714285714,8.14285714285714,7.14285714285714,8.42857142857143,7.71428571428571,8,7.14285714285714,5.57142857142857,41
"170",7.14285714285714,7.28571428571429,7.57142857142857,6.71428571428571,4.57142857142857,5.57142857142857,8.71428571428571,5.85714285714286,42
"171",4.57142857142857,6,1.57142857142857,9.85714285714286,6.57142857142857,8.14285714285714,4.57142857142857,5.14285714285714,43
"172",9.71428571428571,6.42857142857143,9.42857142857143,9.42857142857143,5.57142857142857,10,3.42857142857143,2.71428571428571,44
"173",1.42857142857143,1.14285714285714,1.28571428571429,1.85714285714286,2.14285714285714,1.85714285714286,1.28571428571429,4.57142857142857,45
"174",8.71428571428571,9.42857142857143,9,5.85714285714286,8,7.28571428571429,9.42857142857143,9.42857142857143,46
"175",4,6.14285714285714,3.42857142857143,4.57142857142857,6.28571428571429,2.71428571428571,7.85714285714286,8.42857142857143,47
"176",4.85714285714286,5,4.85714285714286,6.14285714285714,5.42857142857143,4.28571428571429,6,6.57142857142857,48
"177",8.57142857142857,7.71428571428571,8,8.71428571428571,9.57142857142857,3.28571428571429,7,5.71428571428571,49
"178",6.28571428571429,5.85714285714286,5.28571428571429,8.57142857142857,6,5.85714285714286,5.71428571428571,7.57142857142857,50
"179",5.57142857142857,6.71428571428571,5.71428571428571,6.28571428571429,8.71428571428571,2.28571428571429,8,6.42857142857143,51
"180",1,1,1,1.28571428571429,1.14285714285714,1.42857142857143,1,1.42857142857143,52
"181",7.71428571428571,5.57142857142857,8.57142857142857,5,5.85714285714286,5.28571428571429,7.28571428571429,1,53
"182",9,9.57142857142857,9.14285714285714,4.28571428571429,5,8.57142857142857,9.85714285714286,3.14285714285714,54
"183",4.71428571428571,5.42857142857143,5.14285714285714,4.85714285714286,9.14285714285714,3.42857142857143,4.28571428571429,6.14285714285714,55
"184",6,8.71428571428571,6.85714285714286,5.14285714285714,8.85714285714286,9,7.42857142857143,4.71428571428571,56
"185",3,3.85714285714286,2.85714285714286,3.71428571428571,4.14285714285714,7.42857142857143,3.14285714285714,1.57142857142857,57
"186",2.28571428571429,4.42857142857143,2.42857142857143,2,7.85714285714286,7.57142857142857,2.14285714285714,4.42857142857143,58
"187",9.57142857142857,8.85714285714286,9.57142857142857,9,9.71428571428571,6.42857142857143,8.42857142857143,2.28571428571429,59
"188",7.28571428571429,5.14285714285714,7.71428571428571,5.57142857142857,6.71428571428571,4.71428571428571,5.57142857142857,3.57142857142857,60
"189",7.57142857142857,2.71428571428571,6.71428571428571,7.85714285714286,2.57142857142857,4,3.57142857142857,4.85714285714286,61
"190",4.42857142857143,9.14285714285714,4.57142857142857,4.14285714285714,6.85714285714286,9.71428571428571,9,7.85714285714286,62
"191",2.42857142857143,1.85714285714286,6,1,1,4.85714285714286,3.85714285714286,3.42857142857143,63
"192",5.42857142857143,7.57142857142857,5.57142857142857,6.57142857142857,4.71428571428571,9.85714285714286,6.28571428571429,1.71428571428571,64
"193",7.28571428571429,3.57142857142857,8.42857142857143,4,4.14285714285714,5.14285714285714,4.14285714285714,1,1
"194",3.14285714285714,7.28571428571429,1.14285714285714,9,7.14285714285714,7.71428571428571,5.14285714285714,6.71428571428571,2
"195",1.85714285714286,1.14285714285714,2.42857142857143,1.85714285714286,2,1.28571428571429,1.28571428571429,4.57142857142857,3
"196",6.42857142857143,5,5.14285714285714,8.71428571428571,2.85714285714286,3.28571428571429,7.42857142857143,7.14285714285714,4
"197",7.14285714285714,8.14285714285714,6.57142857142857,8.14285714285714,9.14285714285714,6.57142857142857,7.85714285714286,7.57142857142857,5
"198",3.85714285714286,3.85714285714286,4.42857142857143,3.42857142857143,6.14285714285714,5.42857142857143,2.57142857142857,8,6
"199",9.71428571428571,8,9.57142857142857,8,9.85714285714286,5.71428571428571,6.28571428571429,9.42857142857143,7
"200",2.14285714285714,2.57142857142857,1.71428571428571,3.14285714285714,5.14285714285714,2.71428571428571,2,3.85714285714286,8
"201",7.57142857142857,5.28571428571429,7.57142857142857,7,4,2.14285714285714,6.42857142857143,9.71428571428571,9
"202",4.28571428571429,2.85714285714286,5.85714285714286,3.71428571428571,5.28571428571429,1.42857142857143,2.85714285714286,3,10
"203",6.14285714285714,7.57142857142857,7,4.42857142857143,6.57142857142857,9.28571428571428,5.85714285714286,2.14285714285714,11
"204",1.14285714285714,1.71428571428571,1,1.57142857142857,1.57142857142857,5,1.14285714285714,7.85714285714286,12
"205",9.57142857142857,9.42857142857143,9.42857142857143,9.42857142857143,8.14285714285714,8.57142857142857,9.42857142857143,10,13
"206",5.71428571428571,6.71428571428571,6.28571428571429,6,5.57142857142857,6.71428571428571,7,5.42857142857143,14
"207",9.28571428571428,8.57142857142857,8.57142857142857,9.57142857142857,3.85714285714286,8.14285714285714,8.85714285714286,7.42857142857143,15
"208",8.57142857142857,8.28571428571428,8.14285714285714,7.85714285714286,9.57142857142857,7.85714285714286,6.57142857142857,6,16
"209",3.42857142857143,1.85714285714286,4.14285714285714,2.42857142857143,1.28571428571429,1,4,2.42857142857143,17
"210",10,10,9.85714285714286,9.28571428571428,8.28571428571428,9.14285714285714,10,6.85714285714286,18
"211",4,5.14285714285714,5.57142857142857,3.57142857142857,4.57142857142857,4.57142857142857,4.85714285714286,8.57142857142857,19
"212",8.28571428571428,7.14285714285714,8.28571428571428,7.71428571428571,6,7.57142857142857,6.14285714285714,4.85714285714286,20
"213",7,9.57142857142857,6.14285714285714,8.57142857142857,10,9.71428571428571,9,5.57142857142857,21
"214",6.28571428571429,5.85714285714286,4.28571428571429,8.42857142857143,8.71428571428571,7,3.42857142857143,8.71428571428571,22
"215",5,4.14285714285714,5.42857142857143,5.85714285714286,4.71428571428571,2.85714285714286,5.57142857142857,3.57142857142857,23
"216",4.42857142857143,5.71428571428571,3.57142857142857,7.14285714285714,3.71428571428571,3.42857142857143,8.71428571428571,3.14285714285714,24
"217",4.85714285714286,4.42857142857143,5,5.57142857142857,4.28571428571429,7.28571428571429,3,8.14285714285714,25
"218",3,2.14285714285714,3.14285714285714,3.28571428571429,2.28571428571429,2,3.85714285714286,1.28571428571429,26
"219",7.85714285714286,4.85714285714286,9,4.57142857142857,7.85714285714286,5.85714285714286,2.71428571428571,5,27
"220",1.57142857142857,1.42857142857143,2,1.71428571428571,1.85714285714286,1.71428571428571,2.14285714285714,1.57142857142857,29
"221",2.42857142857143,3,2.85714285714286,2.14285714285714,5.42857142857143,4.71428571428571,1.85714285714286,2,30
"222",2,4,3.85714285714286,1.14285714285714,3.14285714285714,9.57142857142857,2.42857142857143,8.85714285714286,28
"223",2.71428571428571,2.28571428571429,2.57142857142857,2.85714285714286,1.71428571428571,2.57142857142857,3.57142857142857,6.57142857142857,31
"224",3.28571428571429,2,4,2.28571428571429,3,4.14285714285714,1.71428571428571,2.71428571428571,32
"225",9.42857142857143,9.85714285714286,9.71428571428571,5.42857142857143,9.42857142857143,9,9.71428571428571,7.71428571428571,33
"226",8.85714285714286,9.14285714285714,8,9.85714285714286,7.42857142857143,5.57142857142857,9.57142857142857,9.85714285714286,34
"227",6,7.85714285714286,5.28571428571429,7.42857142857143,7.28571428571429,6.42857142857143,8.28571428571428,7.28571428571429,35
"228",7.71428571428571,3.14285714285714,7.28571428571429,7.28571428571429,2.42857142857143,3,6,2.85714285714286,36
"229",5.14285714285714,4.71428571428571,4.57142857142857,6.71428571428571,2.71428571428571,3.85714285714286,6.71428571428571,8.28571428571428,37
"230",1.42857142857143,2.42857142857143,2.28571428571429,1.42857142857143,3.57142857142857,6.28571428571429,1.42857142857143,3.71428571428571,38
"231",3.71428571428571,3.42857142857143,4.85714285714286,2.71428571428571,1.42857142857143,4.85714285714286,7.14285714285714,4.14285714285714,39
"232",5.28571428571429,3.28571428571429,6.42857142857143,4.28571428571429,3.28571428571429,1.85714285714286,5,6.14285714285714,40
"233",8.42857142857143,8.71428571428571,7.85714285714286,8.85714285714286,8,9.85714285714286,7.57142857142857,5.14285714285714,41
"234",8,7,8.85714285714286,5.14285714285714,5,6,8.14285714285714,5.28571428571429,42
"235",6.71428571428571,6.85714285714286,3.71428571428571,10,6.28571428571429,8.85714285714286,4.42857142857143,8.42857142857143,43
"236",8.71428571428571,6.14285714285714,7.14285714285714,9.71428571428571,4.42857142857143,8.71428571428571,4.57142857142857,9.57142857142857,44
"237",1.71428571428571,1.28571428571429,1.57142857142857,2,2.14285714285714,1.57142857142857,1.57142857142857,3.28571428571429,45
"238",8.14285714285714,9,9.28571428571428,4.71428571428571,7,8.42857142857143,9.28571428571428,5.71428571428571,46
"239",2.57142857142857,6.28571428571429,1.85714285714286,4.14285714285714,6.42857142857143,2.42857142857143,8.42857142857143,1.42857142857143,47
"240",5.85714285714286,4.57142857142857,6,6.14285714285714,5.85714285714286,4,4.71428571428571,4.28571428571429,48
"241",9,7.71428571428571,9.14285714285714,8.28571428571428,9.71428571428571,3.14285714285714,7.28571428571429,4.42857142857143,49
"242",4.57142857142857,6.57142857142857,3.42857142857143,7.57142857142857,8.57142857142857,6.14285714285714,5.71428571428571,1.85714285714286,50
"243",5.42857142857143,6.42857142857143,5.71428571428571,5.71428571428571,8.42857142857143,4.28571428571429,6.85714285714286,2.28571428571429,51
"244",1.28571428571429,1,1.28571428571429,1.28571428571429,1.14285714285714,1.14285714285714,1,2.57142857142857,52
"245",7.42857142857143,5.57142857142857,7.42857142857143,6.57142857142857,5.71428571428571,4.42857142857143,8,4,53
"246",9.85714285714286,9.71428571428571,10,5.28571428571429,6.71428571428571,8,9.85714285714286,9.28571428571428,54
"247",4.71428571428571,5.42857142857143,4.71428571428571,5,9,3.71428571428571,4.28571428571429,1.71428571428571,55
"248",6.57142857142857,8.42857142857143,6.71428571428571,6.28571428571429,8.85714285714286,8.28571428571428,7.71428571428571,6.42857142857143,56
"249",2.28571428571429,3.71428571428571,2.14285714285714,3,3.42857142857143,7.14285714285714,3.71428571428571,1.14285714285714,57
"250",2.85714285714286,4.28571428571429,3,2.57142857142857,7.57142857142857,7.42857142857143,2.28571428571429,6.28571428571429,58
"251",9.14285714285714,8.85714285714286,8.71428571428571,9.14285714285714,9.28571428571428,6.85714285714286,8.57142857142857,7,59
"252",6.85714285714286,6,7.71428571428571,4.85714285714286,6.85714285714286,5.28571428571429,5.28571428571429,9,60
"253",3.57142857142857,2.71428571428571,2.71428571428571,6.85714285714286,2.57142857142857,3.57142857142857,3.28571428571429,3.42857142857143,61
"254",5.57142857142857,9.28571428571428,6.85714285714286,3.85714285714286,7.71428571428571,10,9.14285714285714,5.85714285714286,62
"255",1,1.57142857142857,1.42857142857143,1,1,2.28571428571429,3.14285714285714,4.71428571428571,63
"256",4.14285714285714,7.42857142857143,3.28571428571429,6.42857142857143,4.85714285714286,9.42857142857143,5.42857142857143,9.14285714285714,64
"257",6.71428571428571,4.14285714285714,8.42857142857143,3.57142857142857,5.42857142857143,5.14285714285714,4.28571428571429,2.28571428571429,1
"258",3.85714285714286,6.42857142857143,1.14285714285714,9.57142857142857,7,8.28571428571428,4.42857142857143,1.71428571428571,2
"259",1.71428571428571,1.14285714285714,2.42857142857143,1.57142857142857,1.85714285714286,1.28571428571429,1.28571428571429,9.57142857142857,3
"260",5.71428571428571,4.57142857142857,5.14285714285714,7,2.42857142857143,3.28571428571429,6.14285714285714,9.42857142857143,4
"261",7.28571428571429,8.28571428571428,6.57142857142857,8.42857142857143,9.14285714285714,9.14285714285714,7.57142857142857,1.42857142857143,5
"262",3.71428571428571,3.28571428571429,4.42857142857143,2.57142857142857,6,6,2.57142857142857,2.57142857142857,6
"263",9.71428571428571,7,9.57142857142857,9.71428571428571,8.85714285714286,5.42857142857143,5.85714285714286,4.42857142857143,7
"264",2,1.85714285714286,1.71428571428571,2.42857142857143,3.42857142857143,3.57142857142857,1.57142857142857,3.71428571428571,8
"265",7.14285714285714,5.28571428571429,7.57142857142857,5.85714285714286,5.28571428571429,2.28571428571429,6,8.57142857142857,9
"266",4.85714285714286,2,5.85714285714286,4.28571428571429,3.14285714285714,1.71428571428571,2.71428571428571,1.28571428571429,10
"267",8.85714285714286,8.71428571428571,7,10,9.57142857142857,9.28571428571428,6.85714285714286,4.28571428571429,11
"268",1.85714285714286,2.14285714285714,1,4.71428571428571,7.28571428571429,4.42857142857143,1.14285714285714,1.85714285714286,12
"269",9.57142857142857,9,9.42857142857143,9.28571428571428,8.14285714285714,8.14285714285714,9.14285714285714,1.14285714285714,13
"270",6.28571428571429,7.57142857142857,6.28571428571429,6.71428571428571,5.57142857142857,9,7.85714285714286,6.28571428571429,14
"271",8.71428571428571,8.42857142857143,8.57142857142857,8.28571428571428,6.28571428571429,7.14285714285714,9,5.71428571428571,15
"272",8.42857142857143,8,8.14285714285714,8.14285714285714,9,6.28571428571429,7,6.57142857142857,16
"273",3,1.42857142857143,4.14285714285714,2.14285714285714,1.42857142857143,1,3.85714285714286,5.14285714285714,17
"274",10,10,9.85714285714286,9,10,8.85714285714286,10,8.28571428571428,18
"275",4.42857142857143,5.14285714285714,5.57142857142857,3.42857142857143,3.28571428571429,5.28571428571429,4.85714285714286,9.14285714285714,19
"276",8.14285714285714,6.85714285714286,8.28571428571428,7.14285714285714,6.71428571428571,6.71428571428571,7.28571428571429,2,20
"277",6.42857142857143,9.28571428571428,6.14285714285714,7.85714285714286,8.71428571428571,9.71428571428571,9.28571428571428,3,21
"278",5.57142857142857,5.71428571428571,4.28571428571429,7.42857142857143,6.42857142857143,6.85714285714286,4.14285714285714,3.14285714285714,22
"279",5.14285714285714,4.42857142857143,5.42857142857143,5.28571428571429,4.85714285714286,3.71428571428571,5.28571428571429,2.85714285714286,23
"280",4.57142857142857,6.71428571428571,3.57142857142857,5.71428571428571,3.71428571428571,2.71428571428571,8.71428571428571,5.57142857142857,24
"281",4.28571428571429,3.71428571428571,5,3.85714285714286,3,7.85714285714286,3.28571428571429,3.57142857142857,25
"282",2.71428571428571,2.28571428571429,3.14285714285714,3.28571428571429,1.57142857142857,2.57142857142857,3.71428571428571,7,26
"283",7,4.28571428571429,9,3.14285714285714,7.57142857142857,6.57142857142857,3,1.57142857142857,27
"284",1.28571428571429,1.28571428571429,2,1.28571428571429,1.71428571428571,1.42857142857143,2.28571428571429,2.14285714285714,29
"285",2.42857142857143,2.85714285714286,2.85714285714286,2,6.14285714285714,4.71428571428571,1.85714285714286,4.14285714285714,30
"286",2.28571428571429,3.57142857142857,3.85714285714286,1.14285714285714,5.71428571428571,8.71428571428571,2.14285714285714,2.42857142857143,28
"287",2.57142857142857,1.71428571428571,2.57142857142857,2.85714285714286,1,5,3.14285714285714,6.14285714285714,31
"288",3.28571428571429,2.42857142857143,4,2.28571428571429,2.57142857142857,3.42857142857143,2.42857142857143,7.14285714285714,32
"289",9.28571428571428,9.85714285714286,9.71428571428571,4.42857142857143,9.71428571428571,8.57142857142857,9.85714285714286,5.42857142857143,33
"290",9,9.42857142857143,8,9.42857142857143,7.71428571428571,7,9.71428571428571,9.71428571428571,34
"291",6.57142857142857,7.85714285714286,5.28571428571429,8.71428571428571,8.28571428571428,6.14285714285714,6.28571428571429,6.42857142857143,35
"292",7.57142857142857,5.57142857142857,7.28571428571429,6.42857142857143,2.71428571428571,3,8.28571428571428,6.85714285714286,36
"293",5.28571428571429,4.85714285714286,4.57142857142857,6.14285714285714,2.85714285714286,4.14285714285714,5.71428571428571,8.42857142857143,37
"294",1.14285714285714,2.71428571428571,2.28571428571429,1,4,3.85714285714286,1.71428571428571,7.71428571428571,38
"295",4.14285714285714,3,4.85714285714286,3.71428571428571,1.28571428571429,3.14285714285714,7.42857142857143,4.71428571428571,39
"296",5.42857142857143,3.42857142857143,6.42857142857143,4.57142857142857,4.42857142857143,1.85714285714286,5,2.71428571428571,40
"297",9.42857142857143,8.57142857142857,7.85714285714286,9.85714285714286,7.85714285714286,9.57142857142857,7.71428571428571,4.85714285714286,41
"298",7.85714285714286,7.14285714285714,8.85714285714286,5.14285714285714,4.28571428571429,5.85714285714286,8.14285714285714,9,42
"299",5.85714285714286,7.71428571428571,3.71428571428571,9.14285714285714,6.85714285714286,9.85714285714286,5.57142857142857,3.42857142857143,43
"300",8.28571428571428,7.42857142857143,7.14285714285714,8.85714285714286,4.14285714285714,7.57142857142857,6.71428571428571,10,44
"301",1.57142857142857,1.57142857142857,1.57142857142857,1.71428571428571,2.14285714285714,2,1.42857142857143,8.71428571428571,45
"302",8,9.14285714285714,9.28571428571428,4.85714285714286,7.14285714285714,8.42857142857143,9.42857142857143,4,46
"303",3.42857142857143,5,1.85714285714286,8,4.71428571428571,1.57142857142857,6.57142857142857,7.42857142857143,47
"304",6,4.71428571428571,6,6.57142857142857,2.28571428571429,4,5.42857142857143,9.85714285714286,48
"305",8.57142857142857,7.28571428571429,9.14285714285714,6.85714285714286,9.28571428571428,2.85714285714286,8,5.28571428571429,49
"306",3.57142857142857,5.85714285714286,3.42857142857143,4.14285714285714,6.57142857142857,5.71428571428571,4.71428571428571,5,50
"307",6.14285714285714,6.28571428571429,5.71428571428571,7.71428571428571,5.14285714285714,4.85714285714286,7.14285714285714,3.28571428571429,51
"308",1,1,1.28571428571429,1.42857142857143,1.14285714285714,1.14285714285714,1,7.57142857142857,52
"309",7.42857142857143,6.14285714285714,7.42857142857143,6,3.57142857142857,5.57142857142857,6.42857142857143,8.14285714285714,53
"310",9.85714285714286,9.57142857142857,10,7.57142857142857,9.85714285714286,7.71428571428571,9.57142857142857,3.85714285714286,54
"311",4.71428571428571,6,4.71428571428571,5,8,4.28571428571429,4,8.85714285714286,55
"312",6.85714285714286,8.14285714285714,6.71428571428571,7.28571428571429,7.42857142857143,7.42857142857143,8.42857142857143,9.28571428571428,56
"313",2.14285714285714,4,2.14285714285714,2.71428571428571,4.57142857142857,6.42857142857143,2.85714285714286,6.71428571428571,57
"314",2.85714285714286,3.85714285714286,3,4,8.57142857142857,7.28571428571429,2,1,58
"315",9.14285714285714,8.85714285714286,8.71428571428571,8.57142857142857,8.42857142857143,8,8.57142857142857,5.85714285714286,59
"316",7.71428571428571,5.42857142857143,7.71428571428571,6.28571428571429,5.85714285714286,4.57142857142857,5.14285714285714,6,60
"317",3.14285714285714,2.57142857142857,2.71428571428571,5.42857142857143,2,2.42857142857143,3.57142857142857,4.57142857142857,61
"318",5,9.71428571428571,6.85714285714286,3,9.42857142857143,10,8.85714285714286,8,62
"319",1.42857142857143,3.14285714285714,1.42857142857143,1.85714285714286,5,2.14285714285714,3.42857142857143,7.85714285714286,63
"320",4,6.57142857142857,3.28571428571429,5.57142857142857,3.85714285714286,9.42857142857143,4.57142857142857,7.28571428571429,64
"321",8.14285714285714,3.71428571428571,9.14285714285714,3.71428571428571,5.28571428571429,5,3.71428571428571,2.57142857142857,1
"322",4.85714285714286,5,3,9.57142857142857,5,8,4,1.57142857142857,2
"323",1.42857142857143,1.14285714285714,1.42857142857143,1.57142857142857,1.57142857142857,1.71428571428571,1.14285714285714,8.28571428571428,3
"324",6.28571428571429,4.42857142857143,6.57142857142857,6.71428571428571,2.14285714285714,3.71428571428571,5.14285714285714,9.85714285714286,4
"325",8.57142857142857,8.57142857142857,8.14285714285714,8.28571428571428,9.57142857142857,9,8,1.71428571428571,5
"326",2.85714285714286,3.28571428571429,3.42857142857143,2.85714285714286,6.71428571428571,5.57142857142857,2.42857142857143,1.28571428571429,6
"327",9.42857142857143,6.85714285714286,8.57142857142857,9.85714285714286,8.57142857142857,4.28571428571429,5.28571428571429,5.14285714285714,7
"328",2.14285714285714,2.14285714285714,2,2.28571428571429,3.42857142857143,3.42857142857143,1.71428571428571,5,8
"329",7,4.28571428571429,7.57142857142857,5.85714285714286,3.71428571428571,1.57142857142857,6.71428571428571,7.85714285714286,9
"330",4.42857142857143,1.85714285714286,4.85714285714286,4,2.85714285714286,2.71428571428571,2.71428571428571,1.42857142857143,10
"331",9.71428571428571,8,8.85714285714286,10,8,9.71428571428571,5,7.14285714285714,11
"332",1,1.57142857142857,1,4.14285714285714,6,3,1,1.14285714285714,12
"333",9.28571428571428,9,9.28571428571428,8.71428571428571,9.28571428571428,9.28571428571428,8.42857142857143,2,13
"334",8,8.28571428571428,7.71428571428571,7.71428571428571,7.14285714285714,7.42857142857143,8.57142857142857,4.85714285714286,14
"335",9.14285714285714,8.71428571428571,9.42857142857143,8.14285714285714,6.85714285714286,8.28571428571428,9,5.28571428571429,15
"336",9.57142857142857,8.14285714285714,9.57142857142857,8.57142857142857,8.42857142857143,6.28571428571429,7.42857142857143,6.14285714285714,16
"337",3.71428571428571,1.28571428571429,4.14285714285714,2.14285714285714,1.28571428571429,1,3.28571428571429,4.71428571428571,17
"338",10,10,9.85714285714286,9.14285714285714,9.85714285714286,9.57142857142857,10,8.85714285714286,18
"339",3.57142857142857,5.71428571428571,3.85714285714286,3.28571428571429,4.71428571428571,3.85714285714286,6.28571428571429,7,19
"340",8.28571428571428,7.71428571428571,8,7,7.85714285714286,7.85714285714286,7.85714285714286,2.42857142857143,20
"341",7.57142857142857,9.57142857142857,6.85714285714286,8,9.14285714285714,9.85714285714286,9.28571428571428,3.85714285714286,21
"342",6,6,5.28571428571429,7.42857142857143,6.57142857142857,6.71428571428571,4.42857142857143,4.14285714285714,22
"343",5.71428571428571,4.85714285714286,5.85714285714286,5.57142857142857,5.71428571428571,3.14285714285714,5.71428571428571,3.57142857142857,23
"344",5.42857142857143,7.28571428571429,5.42857142857143,6.14285714285714,5.42857142857143,3.28571428571429,8.85714285714286,6.85714285714286,24
"345",3.14285714285714,3.85714285714286,3.14285714285714,3.85714285714286,3,7.57142857142857,3.14285714285714,4.28571428571429,25
"346",3.42857142857143,2.57142857142857,3.57142857142857,3.42857142857143,1.71428571428571,2.42857142857143,4.28571428571429,7.28571428571429,26
"347",5.14285714285714,3.57142857142857,7,3.14285714285714,7,6,2.85714285714286,1.85714285714286,27
"348",1.28571428571429,1.42857142857143,1.71428571428571,1.28571428571429,1.85714285714286,1.28571428571429,2.28571428571429,3,29
"349",2.57142857142857,2.28571428571429,3.71428571428571,2,3.14285714285714,4.42857142857143,1.85714285714286,4,30
"350",2.42857142857143,4,4.71428571428571,1,6.42857142857143,7.28571428571429,2.57142857142857,3.14285714285714,28
"351",1.85714285714286,2.85714285714286,1.14285714285714,3,1.14285714285714,5.42857142857143,4.57142857142857,6.71428571428571,31
"352",3.85714285714286,2.42857142857143,4,2.42857142857143,2.71428571428571,4,2.14285714285714,7.71428571428571,32
"353",8.85714285714286,9.85714285714286,10,3.57142857142857,10,8.85714285714286,9.85714285714286,6.42857142857143,33
"354",9.85714285714286,9.28571428571428,9.71428571428571,9.42857142857143,7.57142857142857,7.71428571428571,9.57142857142857,9.57142857142857,34
"355",6.57142857142857,7.14285714285714,5.71428571428571,8.85714285714286,8.14285714285714,4.57142857142857,7.14285714285714,5.71428571428571,35
"356",6.85714285714286,5.28571428571429,7.28571428571429,6.57142857142857,2.57142857142857,2.85714285714286,7.71428571428571,6,36
"357",5.28571428571429,5.57142857142857,4.28571428571429,6.28571428571429,3.57142857142857,4.14285714285714,5.57142857142857,8.71428571428571,37
"358",1.57142857142857,2.71428571428571,2.28571428571429,1.14285714285714,4.42857142857143,4.85714285714286,1.42857142857143,8.57142857142857,38
"359",4.57142857142857,3.42857142857143,5,4.85714285714286,1.42857142857143,5.14285714285714,7.28571428571429,2.71428571428571,39
"360",5,3,6,4.57142857142857,5.14285714285714,1.85714285714286,4.85714285714286,2.85714285714286,40
"361",8.71428571428571,9.14285714285714,7.85714285714286,9.71428571428571,9.71428571428571,8.57142857142857,8.14285714285714,5.85714285714286,41
"362",7.85714285714286,7.42857142857143,8.71428571428571,5.14285714285714,4.14285714285714,8.14285714285714,7.57142857142857,9.42857142857143,42
"363",7.71428571428571,7,6.28571428571429,9.28571428571428,7.42857142857143,9.42857142857143,4.71428571428571,3.71428571428571,43
"364",7.14285714285714,6.28571428571429,6.42857142857143,8.42857142857143,3.85714285714286,5.85714285714286,5.42857142857143,9.14285714285714,44
"365",2,1.71428571428571,1.85714285714286,1.71428571428571,2.28571428571429,2.14285714285714,1.57142857142857,9,45
"366",7.28571428571429,8.85714285714286,8.28571428571428,4.42857142857143,7.28571428571429,6.85714285714286,9.42857142857143,5.57142857142857,46
"367",4.28571428571429,4.71428571428571,2.71428571428571,7.57142857142857,4.57142857142857,2,6.14285714285714,9.28571428571428,47
"368",5.57142857142857,4.57142857142857,5.14285714285714,6.85714285714286,2,3.57142857142857,5.85714285714286,10,48
"369",8.42857142857143,7.85714285714286,8.42857142857143,6,8.71428571428571,2.57142857142857,8.71428571428571,6.28571428571429,49
"370",3.28571428571429,5.85714285714286,2.85714285714286,4.71428571428571,5.85714285714286,6.42857142857143,3.85714285714286,7.57142857142857,50
"371",5.85714285714286,6.14285714285714,5.57142857142857,7.28571428571429,5.57142857142857,5.71428571428571,6,3.28571428571429,51
"372",1.14285714285714,1,1.57142857142857,1.42857142857143,1,1.14285714285714,1.28571428571429,6.57142857142857,52
"373",6.71428571428571,6.42857142857143,7.42857142857143,5.71428571428571,3.28571428571429,6.57142857142857,7,7.42857142857143,53
"374",7.42857142857143,9.42857142857143,7.14285714285714,7.85714285714286,9.42857142857143,7.14285714285714,9.71428571428571,2.14285714285714,54
"375",4.71428571428571,5.14285714285714,4.57142857142857,5,7.71428571428571,4.71428571428571,3,8,55
"376",6.14285714285714,7.57142857142857,6.14285714285714,7.14285714285714,6.14285714285714,8.42857142857143,6.57142857142857,9.71428571428571,56
"377",2.28571428571429,4.14285714285714,2.42857142857143,2.57142857142857,4.85714285714286,6.14285714285714,3.42857142857143,4.57142857142857,57
"378",2.71428571428571,5.42857142857143,2.57142857142857,4.28571428571429,9,8.71428571428571,2,1,58
"379",9,8.42857142857143,9,9,8.28571428571428,7,8.28571428571428,4.42857142857143,59
"380",6.42857142857143,6.57142857142857,6.71428571428571,6.42857142857143,6.28571428571429,5.28571428571429,6.42857142857143,5.42857142857143,60
"381",3,2,2.14285714285714,5.28571428571429,2.42857142857143,2.28571428571429,3.57142857142857,3.42857142857143,61
"382",4.14285714285714,9.71428571428571,4.42857142857143,2.71428571428571,8.85714285714286,10,9.14285714285714,8.42857142857143,62
"383",1.71428571428571,3.14285714285714,1.28571428571429,1.85714285714286,4.28571428571429,1.42857142857143,4.14285714285714,8.14285714285714,63
"384",4,6.71428571428571,3.28571428571429,5.42857142857143,4,9.14285714285714,6.85714285714286,2.28571428571429,64
"385",6.28571428571429,3.57142857142857,7.71428571428571,5,3.28571428571429,4.42857142857143,4.42857142857143,4.14285714285714,1
"386",2.85714285714286,4.42857142857143,2.42857142857143,3.14285714285714,6.42857142857143,7,3.42857142857143,1.85714285714286,2
"387",1.28571428571429,1.28571428571429,1.14285714285714,1.28571428571429,1.14285714285714,1.14285714285714,1.14285714285714,9,3
"388",5,3.42857142857143,5.42857142857143,4.28571428571429,2.14285714285714,3.71428571428571,5.14285714285714,7.85714285714286,4
"389",7.71428571428571,8.28571428571428,8.14285714285714,7.42857142857143,9.14285714285714,8.85714285714286,7.57142857142857,2.42857142857143,5
"390",3.14285714285714,3,2.71428571428571,3,5,6.85714285714286,2.28571428571429,1,6
"391",9.28571428571428,7.14285714285714,9.28571428571428,9.42857142857143,8.57142857142857,6,6.28571428571429,6,7
"392",1.85714285714286,1.71428571428571,1.85714285714286,3.28571428571429,1.85714285714286,2,1.71428571428571,6.57142857142857,8
"393",7.85714285714286,5.42857142857143,7.28571428571429,8.71428571428571,5.57142857142857,1.71428571428571,7.42857142857143,6.42857142857143,9
"394",4.28571428571429,2.85714285714286,4.28571428571429,4.14285714285714,4.85714285714286,2.42857142857143,3.14285714285714,3.14285714285714,10
"395",8.42857142857143,7.71428571428571,8.85714285714286,6.28571428571429,4.57142857142857,9.42857142857143,6.85714285714286,6.14285714285714,11
"396",1,1.14285714285714,1,1.14285714285714,1.28571428571429,2.85714285714286,1,1.71428571428571,12
"397",8.85714285714286,8.42857142857143,9.71428571428571,6.57142857142857,8.14285714285714,9.28571428571428,8.71428571428571,1.57142857142857,13
"398",8.14285714285714,8,6.14285714285714,9.28571428571428,7.57142857142857,6.14285714285714,7.71428571428571,8.28571428571428,14
"399",9.85714285714286,9,10,9.57142857142857,9.57142857142857,8.71428571428571,8.85714285714286,4.28571428571429,15
"400",8,7.85714285714286,7.42857142857143,9,8,7.71428571428571,7.28571428571429,4.71428571428571,16
"401",3.85714285714286,1.42857142857143,5,3.42857142857143,1.42857142857143,1,3,2.85714285714286,17
"402",9.71428571428571,10,8,10,10,9.85714285714286,10,7.57142857142857,18
"403",4.42857142857143,5.71428571428571,4,4.42857142857143,6,4.28571428571429,5,8.85714285714286,19
"404",7.28571428571429,7.28571428571429,6.85714285714286,8.28571428571428,8.42857142857143,6.71428571428571,6.71428571428571,3.42857142857143,20
"405",8.57142857142857,9.14285714285714,8.42857142857143,8,7.85714285714286,9.71428571428571,9,5.42857142857143,21
"406",3.42857142857143,4.71428571428571,3.85714285714286,2,3.42857142857143,7.28571428571429,4.71428571428571,3.71428571428571,22
"407",5.57142857142857,5.14285714285714,5.71428571428571,5.42857142857143,5.71428571428571,4.14285714285714,5.28571428571429,5.57142857142857,23
"408",6.14285714285714,6.71428571428571,6,7,6.71428571428571,3.14285714285714,8,6.85714285714286,24
"409",4,5.28571428571429,2.57142857142857,5.85714285714286,7,7.85714285714286,3.28571428571429,3,25
"410",2.42857142857143,2.42857142857143,3.28571428571429,2.57142857142857,1.57142857142857,2.57142857142857,4.28571428571429,9.42857142857143,26
"411",4.71428571428571,3.85714285714286,5.57142857142857,3.85714285714286,3.57142857142857,7.14285714285714,4,3.28571428571429,27
"412",1.42857142857143,1.57142857142857,1.42857142857143,1.85714285714286,1.71428571428571,1.42857142857143,2,4.85714285714286,29
"413",2.28571428571429,2,3.42857142857143,2.14285714285714,2.28571428571429,4,2.71428571428571,2,30
"414",3.57142857142857,3.28571428571429,5.28571428571429,2.28571428571429,4.14285714285714,5.85714285714286,2.42857142857143,3.57142857142857,28
"415",3,4.85714285714286,1.57142857142857,5.57142857142857,3.85714285714286,6.42857142857143,4.14285714285714,7.14285714285714,31
"416",2.57142857142857,2.28571428571429,3.71428571428571,1.57142857142857,3,3,1.85714285714286,9.28571428571428,32
"417",10,9.85714285714286,9.42857142857143,9.71428571428571,9.85714285714286,9.14285714285714,9.85714285714286,7.28571428571429,33
"418",9.42857142857143,9.71428571428571,9.85714285714286,9.14285714285714,9.71428571428571,6.28571428571429,9.71428571428571,9.85714285714286,34
"419",6,7.42857142857143,4.85714285714286,7.85714285714286,7.42857142857143,4.57142857142857,7.85714285714286,5.28571428571429,35
"420",7.42857142857143,5.85714285714286,7.85714285714286,7.57142857142857,3.71428571428571,2.28571428571429,8.42857142857143,4.42857142857143,36
"421",5.71428571428571,6,4.42857142857143,7.28571428571429,5.28571428571429,3.42857142857143,6,8.14285714285714,37
"422",1.57142857142857,2.71428571428571,2.14285714285714,1.42857142857143,2.57142857142857,4.71428571428571,1.42857142857143,9.57142857142857,38
"423",6.71428571428571,4.57142857142857,7.14285714285714,6,3.14285714285714,5,6.14285714285714,1.28571428571429,39
"424",6.57142857142857,3.71428571428571,6.57142857142857,7.14285714285714,6.57142857142857,1.57142857142857,5.42857142857143,3.85714285714286,40
"425",9.14285714285714,8.85714285714286,9.14285714285714,8.85714285714286,8.85714285714286,8.57142857142857,8.57142857142857,5,41
"426",7.14285714285714,7.57142857142857,6.42857142857143,8.14285714285714,7.71428571428571,5.57142857142857,6.57142857142857,8.57142857142857,42
"427",8.71428571428571,6.57142857142857,9,6.14285714285714,7.14285714285714,9.57142857142857,4.57142857142857,1.42857142857143,43
"428",5.28571428571429,6.42857142857143,7,2.85714285714286,7.28571428571429,7.42857142857143,4.85714285714286,8.71428571428571,44
"429",1.71428571428571,1.85714285714286,2,2.42857142857143,2,2.14285714285714,1.57142857142857,6.71428571428571,45
"430",7.57142857142857,9.57142857142857,8.28571428571428,6.85714285714286,8.71428571428571,9,9.57142857142857,4.57142857142857,46
"431",4.57142857142857,5,3.57142857142857,5.14285714285714,2.71428571428571,3.85714285714286,5.85714285714286,9.14285714285714,47
"432",4.85714285714286,5.57142857142857,4.57142857142857,4.71428571428571,4,3.57142857142857,5.71428571428571,10,48
"433",8.28571428571428,8.57142857142857,8.57142857142857,7.71428571428571,9.42857142857143,3.28571428571429,9.14285714285714,6.28571428571429,49
"434",3.71428571428571,4.14285714285714,3.14285714285714,4.57142857142857,4.28571428571429,6.57142857142857,3.57142857142857,5.85714285714286,50
"435",5.85714285714286,6.14285714285714,6.28571428571429,5.28571428571429,6.14285714285714,5.14285714285714,5.57142857142857,5.71428571428571,51
"436",1.14285714285714,1,1.28571428571429,1,1,1.28571428571429,1.28571428571429,8.42857142857143,52
"437",6.42857142857143,7,6.71428571428571,6.42857142857143,5.85714285714286,5.71428571428571,7.14285714285714,7.42857142857143,53
"438",9.57142857142857,9.42857142857143,8.71428571428571,9.85714285714286,9.28571428571428,8.28571428571428,9.42857142857143,2.14285714285714,54
"439",4.14285714285714,4.28571428571429,5.14285714285714,3.57142857142857,8.28571428571428,4.85714285714286,3.85714285714286,2.71428571428571,55
"440",7,8.14285714285714,7.57142857142857,6.71428571428571,4.71428571428571,8.42857142857143,8.14285714285714,9.71428571428571,56
"441",2.71428571428571,3.14285714285714,3,2.71428571428571,2.85714285714286,5.42857142857143,2.85714285714286,5.14285714285714,57
"442",2.14285714285714,4,2.85714285714286,1.71428571428571,6.85714285714286,8.14285714285714,2.14285714285714,1.14285714285714,58
"443",9,8.71428571428571,9.57142857142857,8.42857142857143,9,7.57142857142857,8.28571428571428,8,59
"444",6.85714285714286,6.28571428571429,5.85714285714286,8.57142857142857,4.42857142857143,5.28571428571429,7,7,60
"445",3.28571428571429,2.14285714285714,2.28571428571429,4,2.42857142857143,2.71428571428571,3.71428571428571,2.28571428571429,61
"446",5.14285714285714,9.28571428571428,4.71428571428571,4.85714285714286,5.42857142857143,10,9.28571428571428,7.71428571428571,62
"447",2,2.57142857142857,1.71428571428571,3.71428571428571,5.14285714285714,1.85714285714286,2.57142857142857,4,63
"448",5.42857142857143,6.85714285714286,4.14285714285714,5.71428571428571,6.28571428571429,8,6.42857142857143,2.57142857142857,64
"449",5.57142857142857,5.57142857142857,6.57142857142857,4,4.85714285714286,5.85714285714286,5,5.42857142857143,1
"450",2.28571428571429,3.85714285714286,2.57142857142857,3.14285714285714,6.42857142857143,7.28571428571429,2.85714285714286,2.57142857142857,2
"451",1.28571428571429,1.28571428571429,1.57142857142857,1.14285714285714,1.57142857142857,1.14285714285714,1.14285714285714,9.71428571428571,3
"452",3.85714285714286,5.14285714285714,3.14285714285714,5.28571428571429,3,3.85714285714286,5.71428571428571,8,4
"453",6.71428571428571,8.42857142857143,7,6.85714285714286,8.57142857142857,8.28571428571428,8.71428571428571,3.14285714285714,5
"454",2.14285714285714,3,2.85714285714286,2.57142857142857,5.28571428571429,6.71428571428571,2.28571428571429,1.28571428571429,6
"455",9.28571428571428,7,9,9.42857142857143,8.28571428571428,5.28571428571429,5.42857142857143,7.85714285714286,7
"456",1.57142857142857,1.85714285714286,1.42857142857143,2,1.71428571428571,2.14285714285714,1.42857142857143,9.85714285714286,8
"457",8.14285714285714,4.85714285714286,7.28571428571429,8.14285714285714,5,1.42857142857143,6,10,9
"458",3.57142857142857,2.28571428571429,4.57142857142857,2.71428571428571,2.42857142857143,3,2.57142857142857,6.85714285714286,10
"459",8,8,7.85714285714286,7.14285714285714,6.28571428571429,9.85714285714286,6.85714285714286,5,11
"460",1,1,1,1,1.14285714285714,2.71428571428571,1,1.57142857142857,12
"461",9.14285714285714,9,9.71428571428571,7.28571428571429,7.14285714285714,8.85714285714286,9,4.28571428571429,13
"462",7.57142857142857,8.28571428571428,3.85714285714286,9.57142857142857,8.42857142857143,8.14285714285714,7.57142857142857,8.42857142857143,14
"463",9.57142857142857,9.28571428571428,9.57142857142857,9.14285714285714,9.14285714285714,9,9.14285714285714,3.42857142857143,15
"464",6.42857142857143,7.85714285714286,4.14285714285714,9,8.85714285714286,6.42857142857143,6.71428571428571,8.57142857142857,16
"465",4.71428571428571,1.42857142857143,5.57142857142857,3.85714285714286,1.28571428571429,1,3.42857142857143,3.85714285714286,17
"466",10,10,9.28571428571428,10,10,9.57142857142857,10,5.85714285714286,18
"467",6.14285714285714,6,7.42857142857143,5,6.85714285714286,4.28571428571429,4.85714285714286,7.57142857142857,19
"468",8.42857142857143,8.14285714285714,7.57142857142857,8.28571428571428,9.28571428571428,7,6.28571428571429,6.14285714285714,20
"469",8.57142857142857,9.14285714285714,8.28571428571428,8.57142857142857,8,9.71428571428571,8.85714285714286,4.14285714285714,21
"470",3.71428571428571,4.28571428571429,5.42857142857143,2.42857142857143,3.42857142857143,6.57142857142857,4.42857142857143,3.57142857142857,22
"471",5,6.28571428571429,5,5.14285714285714,4.57142857142857,3.71428571428571,8,6.71428571428571,23
"472",7.28571428571429,6.57142857142857,8,6,6.57142857142857,3.28571428571429,7.85714285714286,9,24
"473",4.57142857142857,5,2.71428571428571,6.71428571428571,5.42857142857143,7.85714285714286,3.57142857142857,4,25
"474",3,2.57142857142857,2.42857142857143,3.71428571428571,2.28571428571429,2.28571428571429,4,4.71428571428571,26
"475",5.14285714285714,4.57142857142857,5.85714285714286,4.28571428571429,5.14285714285714,7.14285714285714,3.85714285714286,3.28571428571429,27
"476",1.42857142857143,1.57142857142857,1.14285714285714,1.71428571428571,1.42857142857143,1.57142857142857,2.42857142857143,7,29
"477",2.42857142857143,2.71428571428571,3.28571428571429,2.28571428571429,3.28571428571429,4.14285714285714,2.71428571428571,1.42857142857143,30
"478",3.14285714285714,3.28571428571429,4.71428571428571,1.85714285714286,2.85714285714286,7.57142857142857,3.14285714285714,3,28
"479",3.42857142857143,4.14285714285714,1.85714285714286,6.42857142857143,5.57142857142857,5.14285714285714,3.28571428571429,8.14285714285714,31
"480",2.71428571428571,2.42857142857143,4.28571428571429,2.14285714285714,2.57142857142857,3.42857142857143,1.85714285714286,9.42857142857143,32
"481",9.85714285714286,9.85714285714286,10,9.85714285714286,9.85714285714286,9.42857142857143,9.85714285714286,6.28571428571429,33
"482",8.85714285714286,9.71428571428571,8.85714285714286,9.28571428571428,9.71428571428571,7.42857142857143,9.71428571428571,9.28571428571428,34
"483",6.28571428571429,6.71428571428571,5.28571428571429,7.71428571428571,6.71428571428571,4,7.14285714285714,7.28571428571429,35
"484",6.57142857142857,4,6.85714285714286,6.57142857142857,4.71428571428571,2.57142857142857,6.42857142857143,1.85714285714286,36
"485",5.42857142857143,5.42857142857143,3.71428571428571,7,5.85714285714286,3.14285714285714,5.28571428571429,8.28571428571428,37
"486",1.71428571428571,2.14285714285714,2,1.42857142857143,2,5.42857142857143,1.71428571428571,4.57142857142857,38
"487",7.42857142857143,5.71428571428571,8.42857142857143,5.85714285714286,3.57142857142857,5.71428571428571,7.28571428571429,1.71428571428571,39
"488",6,3.42857142857143,6.71428571428571,5.71428571428571,4.14285714285714,1.71428571428571,5.57142857142857,5.14285714285714,40
"489",8.71428571428571,8.71428571428571,9.14285714285714,8.85714285714286,9.57142857142857,9.14285714285714,7,6.57142857142857,41
"490",6.85714285714286,7.42857142857143,6,7.85714285714286,7.85714285714286,4.85714285714286,7.71428571428571,7.14285714285714,42
"491",7.71428571428571,6.14285714285714,8.71428571428571,6.14285714285714,6.14285714285714,9.28571428571428,4.14285714285714,2,43
"492",5.28571428571429,4.71428571428571,6.14285714285714,4.14285714285714,6,6.14285714285714,4.28571428571429,2.71428571428571,44
"493",1.85714285714286,1.71428571428571,2.14285714285714,1.57142857142857,1.85714285714286,2.42857142857143,1.57142857142857,4.42857142857143,45
"494",9,9.42857142857143,9.42857142857143,8,8.71428571428571,8.42857142857143,9.42857142857143,2.14285714285714,46
"495",4.85714285714286,3.57142857142857,5.14285714285714,4.57142857142857,2.71428571428571,2,5.85714285714286,8.71428571428571,47
"496",4,5.85714285714286,3.42857142857143,4.85714285714286,4.28571428571429,4.71428571428571,5.14285714285714,9.14285714285714,48
"497",8.28571428571428,8.85714285714286,8.14285714285714,7.42857142857143,9,3.57142857142857,9.28571428571428,7.71428571428571,49
"498",4.42857142857143,4.42857142857143,4.42857142857143,4.42857142857143,3.71428571428571,4.57142857142857,4.71428571428571,7.42857142857143,50
"499",5.71428571428571,6.42857142857143,5.71428571428571,5.42857142857143,7,5,6.57142857142857,2.85714285714286,51
"500",1.14285714285714,1.14285714285714,1.28571428571429,1.28571428571429,1,1.28571428571429,1.28571428571429,5.28571428571429,52
"501",5.85714285714286,7.28571428571429,6.42857142857143,5.57142857142857,7.71428571428571,6,7.42857142857143,4.85714285714286,53
"502",9.71428571428571,9.57142857142857,7.71428571428571,9.71428571428571,9.42857142857143,8.57142857142857,9.57142857142857,1.14285714285714,54
"503",4.14285714285714,5.28571428571429,4.85714285714286,3.42857142857143,8.14285714285714,5.57142857142857,4.57142857142857,1,55
"504",7.85714285714286,7.14285714285714,8.57142857142857,6.28571428571429,3.14285714285714,8.71428571428571,6.14285714285714,9.57142857142857,56
"505",2.57142857142857,3.14285714285714,2.28571428571429,3.57142857142857,2.14285714285714,6.28571428571429,3.71428571428571,5.71428571428571,57
"506",3.28571428571429,3.71428571428571,3.57142857142857,2.85714285714286,7.42857142857143,8,2,2.42857142857143,58
"507",9.42857142857143,7.71428571428571,9.85714285714286,8.71428571428571,7.28571428571429,6.85714285714286,8.28571428571428,5.57142857142857,59
"508",7,6.85714285714286,6.28571428571429,8.42857142857143,4.42857142857143,4.42857142857143,8.42857142857143,8.85714285714286,60
"509",2.85714285714286,2.85714285714286,3,3.28571428571429,3.85714285714286,2.85714285714286,3,6,61
"510",4.28571428571429,8.57142857142857,4,4.71428571428571,5.71428571428571,10,8.57142857142857,6.42857142857143,62
"511",2,2,1.71428571428571,3,4,1.85714285714286,2.14285714285714,3.71428571428571,63
"512",7.14285714285714,7.57142857142857,7.14285714285714,7.57142857142857,7.57142857142857,7.71428571428571,8.14285714285714,2.28571428571429,64
"513",5.42857142857143,5.14285714285714,6.14285714285714,4.85714285714286,4.85714285714286,5.71428571428571,5.42857142857143,2.57142857142857,1
"514",3.14285714285714,3.85714285714286,3,3,4.71428571428571,6.71428571428571,2.57142857142857,3.85714285714286,2
"515",1.28571428571429,1.28571428571429,1.28571428571429,1.28571428571429,1.42857142857143,1.14285714285714,1.14285714285714,9.71428571428571,3
"516",3.57142857142857,7,3.71428571428571,4.14285714285714,7,3.57142857142857,8,7.85714285714286,4
"517",7.14285714285714,8.71428571428571,7.57142857142857,7.42857142857143,8.42857142857143,9.28571428571428,8.42857142857143,5.28571428571429,5
"518",3,2.57142857142857,2.71428571428571,2.85714285714286,3.71428571428571,7.71428571428571,1.85714285714286,1.28571428571429,6
"519",8.71428571428571,5.85714285714286,8.57142857142857,8.57142857142857,7.42857142857143,5,4.71428571428571,8.57142857142857,7
"520",1.57142857142857,1.71428571428571,1.71428571428571,2.57142857142857,1.57142857142857,2.57142857142857,1.42857142857143,9.85714285714286,8
"521",7.71428571428571,5.57142857142857,7.71428571428571,8,6.14285714285714,1.42857142857143,6.71428571428571,10,9
"522",3.71428571428571,2.42857142857143,5,2.71428571428571,4,2,2.42857142857143,7.42857142857143,10
"523",8.14285714285714,8,8.71428571428571,7,6.85714285714286,10,5.71428571428571,4.57142857142857,11
"524",1,1.14285714285714,1,1,1.14285714285714,3,1,1.57142857142857,12
"525",9.71428571428571,8.42857142857143,10,6.85714285714286,6.28571428571429,8.57142857142857,9.14285714285714,1.42857142857143,13
"526",7.85714285714286,8.57142857142857,3.28571428571429,9.57142857142857,8.71428571428571,7.57142857142857,7.85714285714286,8.85714285714286,14
"527",9.14285714285714,9.14285714285714,8.14285714285714,9.28571428571428,9.14285714285714,8,8.85714285714286,6.28571428571429,15
"528",5.71428571428571,7.14285714285714,2.85714285714286,9.14285714285714,8.28571428571428,6.42857142857143,5,8.71428571428571,16
"529",4.57142857142857,1.57142857142857,4.57142857142857,4.42857142857143,1.28571428571429,1,3.42857142857143,5.42857142857143,17
"530",10,10,9.85714285714286,10,9.85714285714286,8.14285714285714,10,9.42857142857143,18
"531",4.28571428571429,4,5.71428571428571,3.14285714285714,3.14285714285714,4,4.57142857142857,5,19
"532",8,9,8,8.42857142857143,9.42857142857143,9.14285714285714,7.71428571428571,6.42857142857143,20
"533",8.85714285714286,9.42857142857143,9,8.85714285714286,9.28571428571428,9.42857142857143,9,1.71428571428571,21
"534",2.42857142857143,4.42857142857143,3.14285714285714,1.42857142857143,3.85714285714286,6,4,4.42857142857143,22
"535",5.14285714285714,7.28571428571429,4.85714285714286,5.85714285714286,5.71428571428571,4.57142857142857,8.71428571428571,4,23
"536",6.85714285714286,6.28571428571429,7.85714285714286,6.42857142857143,6.57142857142857,3.42857142857143,7.57142857142857,7.71428571428571,24
"537",6.14285714285714,4.14285714285714,6.28571428571429,6.14285714285714,3.28571428571429,7.42857142857143,3.14285714285714,5.57142857142857,25
"538",2.14285714285714,2.14285714285714,2.42857142857143,2.14285714285714,1.85714285714286,2.85714285714286,3.71428571428571,2.14285714285714,26
"539",5.85714285714286,4.71428571428571,6.71428571428571,5.28571428571429,5.85714285714286,6.85714285714286,3.57142857142857,3.57142857142857,27
"540",1.42857142857143,2.28571428571429,1.14285714285714,2.42857142857143,2.71428571428571,1.71428571428571,3.28571428571429,7.28571428571429,29
"541",2.71428571428571,3.57142857142857,3.57142857142857,2,4.42857142857143,4.85714285714286,3.85714285714286,2.28571428571429,30
"542",3.42857142857143,3.71428571428571,3.42857142857143,4,2.42857142857143,8.85714285714286,3,3.28571428571429,28
"543",3.28571428571429,4.28571428571429,2.28571428571429,5.57142857142857,5.57142857142857,3.85714285714286,2.71428571428571,8.42857142857143,31
"544",2.85714285714286,2,4.14285714285714,1.85714285714286,2,3.14285714285714,2.14285714285714,6.71428571428571,32
"545",9.85714285714286,9.85714285714286,9.28571428571428,9.85714285714286,10,9,9.85714285714286,7.14285714285714,33
"546",9.57142857142857,9.57142857142857,9.42857142857143,9.42857142857143,9.57142857142857,6.28571428571429,9.42857142857143,9.14285714285714,34
"547",6.71428571428571,6.42857142857143,5.42857142857143,8.14285714285714,6.42857142857143,4.14285714285714,6.57142857142857,8,35
"548",6.42857142857143,3.14285714285714,6.42857142857143,6.28571428571429,3.57142857142857,1.85714285714286,5.57142857142857,3.14285714285714,36
"549",5,5.42857142857143,4.28571428571429,7.14285714285714,7.85714285714286,2.42857142857143,6,8.28571428571428,37
"550",1.71428571428571,2.71428571428571,2.14285714285714,1.57142857142857,4.57142857142857,5.28571428571429,1.71428571428571,4.85714285714286,38
"551",7,5,8.28571428571428,4.57142857142857,2.85714285714286,4.42857142857143,7.14285714285714,3,39
"552",6,2.85714285714286,7.28571428571429,5.14285714285714,3,2.71428571428571,5.28571428571429,1.85714285714286,40
"553",8.42857142857143,8.28571428571428,8.42857142857143,7.85714285714286,8.14285714285714,9.71428571428571,6.28571428571429,5.71428571428571,41
"554",7.57142857142857,6.57142857142857,6.57142857142857,9,7.14285714285714,5.14285714285714,6.85714285714286,6.57142857142857,42
"555",8.28571428571428,6,9.14285714285714,6.71428571428571,5.14285714285714,9.85714285714286,4.28571428571429,2.71428571428571,43
"556",5.28571428571429,5.28571428571429,5.14285714285714,6,6,6.57142857142857,4.14285714285714,6.85714285714286,44
"557",2,1.42857142857143,1.85714285714286,2.28571428571429,1.71428571428571,2.14285714285714,1.57142857142857,4.28571428571429,45
"558",9,9.28571428571428,9.57142857142857,7.28571428571429,9,7.14285714285714,9.57142857142857,3.71428571428571,46
"559",4.71428571428571,3.28571428571429,4.71428571428571,5,3.42857142857143,2.28571428571429,5.14285714285714,5.14285714285714,47
"560",4,4.85714285714286,4,3.85714285714286,4.14285714285714,3.71428571428571,4.85714285714286,9,48
"561",8.57142857142857,8.85714285714286,8.85714285714286,7.57142857142857,8.57142857142857,4.28571428571429,9.28571428571428,8.14285714285714,49
"562",4.42857142857143,5.71428571428571,5.28571428571429,3.57142857142857,5.28571428571429,5.85714285714286,6.14285714285714,7,50
"563",6.57142857142857,7.42857142857143,7,6.57142857142857,5,5.42857142857143,8.57142857142857,4.14285714285714,51
"564",1.14285714285714,1,1.42857142857143,1.14285714285714,1,1.28571428571429,1.28571428571429,2,52
"565",4.85714285714286,6.85714285714286,5.57142857142857,4.71428571428571,7.71428571428571,5.57142857142857,7,5.85714285714286,53
"566",9.28571428571428,9.71428571428571,6,9.71428571428571,9.71428571428571,8.42857142857143,9.71428571428571,4.71428571428571,54
"567",4.14285714285714,6.71428571428571,4.42857142857143,3.71428571428571,8.85714285714286,6.14285714285714,6.42857142857143,1,55
"568",6.28571428571429,6.14285714285714,7.14285714285714,5.42857142857143,2.28571428571429,8.71428571428571,5.85714285714286,9.57142857142857,56
"569",2.57142857142857,4.57142857142857,2,3.42857142857143,2.14285714285714,7,4.42857142857143,6.14285714285714,57
"570",2.28571428571429,3.42857142857143,2.57142857142857,1.71428571428571,7.28571428571429,8.28571428571428,2,1.14285714285714,58
"571",9.42857142857143,7.85714285714286,9.71428571428571,8.28571428571428,8,7.28571428571429,8.14285714285714,2.42857142857143,59
"572",7.28571428571429,7.57142857142857,6.85714285714286,8.71428571428571,6.71428571428571,4.71428571428571,7.28571428571429,9.28571428571428,60
"573",3.85714285714286,3,3.85714285714286,4.28571428571429,4.28571428571429,3.28571428571429,2.85714285714286,7.57142857142857,61
"574",5.57142857142857,8.14285714285714,5.85714285714286,5.71428571428571,5.42857142857143,9.57142857142857,8.28571428571428,2.85714285714286,62
"575",1.85714285714286,1.85714285714286,1.57142857142857,3.28571428571429,2.57142857142857,1.57142857142857,2.28571428571429,6,63
"576",7.42857142857143,7.71428571428571,7.42857142857143,7.71428571428571,7.57142857142857,7.85714285714286,7.42857142857143,3.42857142857143,64
"577",5.28571428571429,5,6.14285714285714,4.42857142857143,5.71428571428571,4.42857142857143,4.71428571428571,3,1
"578",3.14285714285714,4,4,2.71428571428571,3.85714285714286,8.28571428571428,2.85714285714286,4.42857142857143,2
"579",1.14285714285714,1.28571428571429,1,1.28571428571429,1.57142857142857,1.57142857142857,1.14285714285714,9.14285714285714,3
"580",3.57142857142857,6.57142857142857,3.42857142857143,4.71428571428571,7.14285714285714,4.71428571428571,7.28571428571429,3.28571428571429,4
"581",7.42857142857143,8.14285714285714,8,7.42857142857143,7.57142857142857,7.28571428571429,8,6.57142857142857,5
"582",4.71428571428571,3,6.42857142857143,3,4.57142857142857,8.14285714285714,2,2.28571428571429,6
"583",7.57142857142857,6.42857142857143,6.85714285714286,9,5.42857142857143,6.28571428571429,5.57142857142857,8.57142857142857,7
"584",1.85714285714286,1.85714285714286,2,2.57142857142857,1.85714285714286,2.42857142857143,1.57142857142857,9.85714285714286,8
"585",7.28571428571429,5.71428571428571,7,7.57142857142857,6.28571428571429,1.71428571428571,7.14285714285714,10,9
"586",3.85714285714286,2.14285714285714,5.71428571428571,2.85714285714286,3.28571428571429,2,2.14285714285714,3.57142857142857,10
"587",7.14285714285714,8.57142857142857,8.14285714285714,6.14285714285714,6.57142857142857,9.85714285714286,5.85714285714286,4.71428571428571,11
"588",1,1.14285714285714,1.14285714285714,1,1.14285714285714,3.57142857142857,1,5,12
"589",9.57142857142857,8.42857142857143,10,7,6.14285714285714,9,7.85714285714286,6,13
"590",8.57142857142857,9,4.71428571428571,9.57142857142857,9.14285714285714,8.71428571428571,6.85714285714286,8.85714285714286,14
"591",8.85714285714286,8.85714285714286,8.57142857142857,9.28571428571428,9,5.85714285714286,9.14285714285714,7,15
"592",6.85714285714286,7.14285714285714,5.28571428571429,8.57142857142857,7.28571428571429,6.57142857142857,5.71428571428571,9.42857142857143,16
"593",4.57142857142857,1.57142857142857,5.14285714285714,4,1.28571428571429,1,3.28571428571429,2.71428571428571,17
"594",10,9.85714285714286,9.14285714285714,10,9.85714285714286,9.28571428571428,9.85714285714286,9,18
"595",3.42857142857143,3.28571428571429,4.28571428571429,3.28571428571429,3.14285714285714,3.85714285714286,4.28571428571429,5.28571428571429,19
"596",7.71428571428571,8.71428571428571,7.57142857142857,8.14285714285714,9.28571428571428,5.14285714285714,6.57142857142857,8.28571428571428,20
"597",8.42857142857143,9.42857142857143,8.71428571428571,8.85714285714286,9.42857142857143,9.71428571428571,9,2.57142857142857,21
"598",2.42857142857143,4.85714285714286,3,1.71428571428571,4.28571428571429,5.71428571428571,4.42857142857143,5.14285714285714,22
"599",5.57142857142857,7,5.57142857142857,5.71428571428571,7.85714285714286,4.14285714285714,8.28571428571428,2.85714285714286,23
"600",5.71428571428571,6.14285714285714,4.85714285714286,6.85714285714286,5.57142857142857,3.14285714285714,7.57142857142857,7.85714285714286,24
"601",4.42857142857143,5.57142857142857,3.14285714285714,6.71428571428571,4,8.42857142857143,5.14285714285714,6.28571428571429,25
"602",2.28571428571429,2,2.42857142857143,2.42857142857143,1.42857142857143,3,4,1,26
"603",6.14285714285714,3.42857142857143,6.28571428571429,5.85714285714286,4.85714285714286,5.42857142857143,3.57142857142857,1.85714285714286,27
"604",1.42857142857143,2.42857142857143,1.42857142857143,2.14285714285714,2.57142857142857,1.14285714285714,3,7.14285714285714,29
"605",2.14285714285714,3.71428571428571,2.57142857142857,2,4.42857142857143,6.71428571428571,3.42857142857143,1.57142857142857,30
"606",3.28571428571429,2.85714285714286,2.85714285714286,4.14285714285714,2.28571428571429,7,2.71428571428571,3.42857142857143,28
"607",3,3.85714285714286,1.71428571428571,6,7,3.42857142857143,2.57142857142857,8,31
"608",2.57142857142857,2.28571428571429,3.28571428571429,1.85714285714286,2,4,1.71428571428571,7.42857142857143,32
"609",9.71428571428571,10,9,9.85714285714286,10,7.14285714285714,10,8.42857142857143,33
"610",9.85714285714286,9.57142857142857,9.85714285714286,9.42857142857143,9.71428571428571,6.42857142857143,9.42857142857143,9.71428571428571,34
"611",8.14285714285714,6.71428571428571,8.85714285714286,7.85714285714286,6.42857142857143,5.28571428571429,6.28571428571429,8.71428571428571,35
"612",6,4.28571428571429,6,6.57142857142857,2.85714285714286,2.14285714285714,8.57142857142857,1.28571428571429,36
"613",6.28571428571429,6.28571428571429,5.42857142857143,7.14285714285714,8.28571428571428,2.57142857142857,7,7.57142857142857,37
"614",1.57142857142857,2.71428571428571,1.85714285714286,1.57142857142857,5.14285714285714,6,1.42857142857143,5.42857142857143,38
"615",6.42857142857143,4.42857142857143,7.42857142857143,4.28571428571429,2.14285714285714,4.28571428571429,7.71428571428571,1.42857142857143,39
"616",6.71428571428571,3.14285714285714,7.14285714285714,5.28571428571429,3.71428571428571,2.71428571428571,5.28571428571429,2.42857142857143,40
"617",8.71428571428571,7.71428571428571,9.28571428571428,7.28571428571429,6.85714285714286,9.14285714285714,6.14285714285714,5.71428571428571,41
"618",7.85714285714286,7.85714285714286,7.71428571428571,9.14285714285714,5.85714285714286,7.42857142857143,8.71428571428571,6.71428571428571,42
"619",5.14285714285714,5.28571428571429,4.14285714285714,5.42857142857143,5.28571428571429,9.42857142857143,3.71428571428571,3.71428571428571,43
"620",6.57142857142857,5.42857142857143,6.71428571428571,6.42857142857143,8.42857142857143,7.57142857142857,3.85714285714286,4.14285714285714,44
"621",1.71428571428571,1.42857142857143,1.57142857142857,2.28571428571429,1.71428571428571,1.85714285714286,1.85714285714286,3.14285714285714,45
"622",9.42857142857143,9.28571428571428,9.71428571428571,7.71428571428571,8.71428571428571,9.57142857142857,9.57142857142857,1.71428571428571,46
"623",4.85714285714286,3.57142857142857,4.42857142857143,4.85714285714286,3.42857142857143,3.28571428571429,4.85714285714286,3.85714285714286,47
"624",5,4.71428571428571,5.85714285714286,3.85714285714286,3.57142857142857,3.71428571428571,4.57142857142857,8.14285714285714,48
"625",9,8,9.42857142857143,8,6.71428571428571,2.85714285714286,9.28571428571428,7.71428571428571,49
"626",4,5.14285714285714,5,3.14285714285714,4.14285714285714,4.85714285714286,5.42857142857143,7.28571428571429,50
"627",5.42857142857143,6.85714285714286,4.57142857142857,6.28571428571429,5,5.57142857142857,8.42857142857143,4.28571428571429,51
"628",1.28571428571429,1,1.28571428571429,1.14285714285714,1,1.42857142857143,1.28571428571429,6.42857142857143,52
"629",5.85714285714286,7.42857142857143,6.57142857142857,4.57142857142857,8,6.14285714285714,7.42857142857143,4.85714285714286,53
"630",9.28571428571428,9.71428571428571,7.28571428571429,9.71428571428571,9.57142857142857,8.85714285714286,9.71428571428571,6.85714285714286,54
"631",3.71428571428571,5.85714285714286,3.85714285714286,3.71428571428571,8.85714285714286,7.71428571428571,5,1.14285714285714,55
"632",4.28571428571429,6,3.71428571428571,5,2.42857142857143,8,6.42857142857143,9.28571428571428,56
"633",2.71428571428571,4.14285714285714,2.14285714285714,3.57142857142857,3,5,4.14285714285714,6.14285714285714,57
"634",2,4.57142857142857,2.71428571428571,1.42857142857143,7.42857142857143,7.85714285714286,2.42857142857143,2.14285714285714,58
"635",9.14285714285714,8.28571428571428,9.57142857142857,8.28571428571428,8.14285714285714,6.85714285714286,8.14285714285714,5.85714285714286,59
"636",8.28571428571428,7.28571428571429,8.42857142857143,8.71428571428571,8.57142857142857,4.57142857142857,6,9.57142857142857,60
"637",4.14285714285714,2.57142857142857,3.57142857142857,5.14285714285714,4.71428571428571,2.28571428571429,3.14285714285714,4,61
"638",7,9.14285714285714,7.85714285714286,5.57142857142857,6,10,8.85714285714286,2,62
"639",2.85714285714286,1.71428571428571,2.28571428571429,3.42857142857143,2.71428571428571,1.28571428571429,2.28571428571429,4.57142857142857,63
"640",8,7.57142857142857,8.28571428571428,8.42857142857143,7.71428571428571,8.57142857142857,6.71428571428571,5.57142857142857,64
"641",4.28571428571429,4.85714285714286,4.28571428571429,3.85714285714286,5.28571428571429,4.71428571428571,5.28571428571429,6,1
"642",4,4.57142857142857,4,3,6,7.57142857142857,3.28571428571429,4.71428571428571,2
"643",1,1.28571428571429,1,1,1.85714285714286,1.28571428571429,1.14285714285714,9.28571428571428,3
"644",3.85714285714286,6.28571428571429,3,5.85714285714286,4.71428571428571,6.42857142857143,7.42857142857143,2.28571428571429,4
"645",8.14285714285714,8.71428571428571,8.42857142857143,7.85714285714286,9.57142857142857,7.85714285714286,8.28571428571428,2.71428571428571,5
"646",4.85714285714286,2.85714285714286,6.14285714285714,3.57142857142857,3.71428571428571,7.14285714285714,1.71428571428571,5.42857142857143,6
"647",8.85714285714286,7.14285714285714,7.71428571428571,9.28571428571428,7.71428571428571,4.85714285714286,6.28571428571429,8.85714285714286,7
"648",1.85714285714286,2,1.57142857142857,2.71428571428571,1.42857142857143,2.71428571428571,1.42857142857143,9.57142857142857,8
"649",8,5.85714285714286,6.85714285714286,8.71428571428571,8.14285714285714,1.14285714285714,7,9.85714285714286,9
"650",3.42857142857143,2.28571428571429,5,2.42857142857143,3,1.71428571428571,2,6.28571428571429,10
"651",6.71428571428571,8.57142857142857,7.85714285714286,4.71428571428571,7.42857142857143,10,6.42857142857143,5.85714285714286,11
"652",1.28571428571429,1.14285714285714,1.28571428571429,1.14285714285714,1.14285714285714,4.57142857142857,1,4.14285714285714,12
"653",6.57142857142857,8,6.28571428571429,6.28571428571429,7.14285714285714,8.85714285714286,8.42857142857143,5,13
"654",8.71428571428571,8.42857142857143,4.71428571428571,9.71428571428571,9.28571428571428,8.71428571428571,6,7.42857142857143,14
"655",9.28571428571428,9,9.42857142857143,9,8.85714285714286,5.71428571428571,8.85714285714286,6.14285714285714,15
"656",5.28571428571429,5.57142857142857,3.14285714285714,8,5.57142857142857,6.28571428571429,4.28571428571429,9.14285714285714,16
"657",5,1.85714285714286,5.14285714285714,5.28571428571429,2,1,3,1.85714285714286,17
"658",9.85714285714286,10,8.85714285714286,10,9.85714285714286,9.42857142857143,9.85714285714286,10,18
"659",5.71428571428571,3.28571428571429,7.42857142857143,4,2.28571428571429,3.28571428571429,5,7.71428571428571,19
"660",7.42857142857143,8.14285714285714,8,7.57142857142857,9,5,7.57142857142857,7.85714285714286,20
"661",7.71428571428571,9.42857142857143,6.57142857142857,8.85714285714286,8.42857142857143,9.71428571428571,9.14285714285714,7.28571428571429,21
"662",2.85714285714286,7.57142857142857,2.71428571428571,3.14285714285714,9.71428571428571,5.42857142857143,4.71428571428571,3.71428571428571,22
"663",6.42857142857143,7,6,6.85714285714286,6.85714285714286,3.71428571428571,7.71428571428571,6.71428571428571,23
"664",6,5.42857142857143,5.57142857142857,6.71428571428571,3.42857142857143,3.14285714285714,8,8,24
"665",4.42857142857143,5.14285714285714,3.28571428571429,7.14285714285714,4.14285714285714,7.71428571428571,4.85714285714286,7.14285714285714,25
"666",2.42857142857143,2.14285714285714,2.85714285714286,2.57142857142857,1.71428571428571,3.57142857142857,3.85714285714286,1,26
"667",5.57142857142857,3.57142857142857,7.14285714285714,4.42857142857143,4.42857142857143,5.28571428571429,3.42857142857143,1.71428571428571,27
"668",1.57142857142857,1.57142857142857,1.42857142857143,1.85714285714286,1.28571428571429,1.57142857142857,2.28571428571429,6.42857142857143,29
"669",2,2.71428571428571,2.14285714285714,1.71428571428571,2.85714285714286,6.14285714285714,2.85714285714286,1.28571428571429,30
"670",3.28571428571429,3.71428571428571,3.71428571428571,3.28571428571429,4,9,2.42857142857143,2.57142857142857,28
"671",2.71428571428571,3,1.85714285714286,7,4.28571428571429,2.85714285714286,2.57142857142857,8.14285714285714,31
"672",2.28571428571429,2.42857142857143,3.42857142857143,1.42857142857143,3.14285714285714,4.14285714285714,1.57142857142857,4.85714285714286,32
"673",10,9.85714285714286,9.57142857142857,9.85714285714286,10,6.57142857142857,10,8.28571428571428,33
"674",9.71428571428571,9.57142857142857,10,9.42857142857143,9.14285714285714,6.71428571428571,9.57142857142857,9.42857142857143,34
"675",8.28571428571428,6.71428571428571,8.28571428571428,8.57142857142857,6.28571428571429,4,6.85714285714286,8.42857142857143,35
"676",5.42857142857143,5,5.28571428571429,6.42857142857143,5.14285714285714,2.42857142857143,7.85714285714286,2.85714285714286,36
"677",7,4.42857142857143,5.42857142857143,7.28571428571429,6.42857142857143,2,6.14285714285714,7.57142857142857,37
"678",1.71428571428571,3.14285714285714,2,2.28571428571429,3.28571428571429,8.42857142857143,2.14285714285714,3.42857142857143,38
"679",5.85714285714286,6,7.57142857142857,4.14285714285714,2.57142857142857,5.57142857142857,8.14285714285714,4.57142857142857,39
"680",7.14285714285714,4.14285714285714,7,6.57142857142857,6.57142857142857,2.28571428571429,5.14285714285714,4.42857142857143,40
"681",8.42857142857143,7.28571428571429,9.71428571428571,6,5.42857142857143,9.14285714285714,5.42857142857143,5.28571428571429,41
"682",7.57142857142857,7.85714285714286,5.85714285714286,9.14285714285714,5.71428571428571,7.42857142857143,8.57142857142857,6.85714285714286,42
"683",3.57142857142857,6.85714285714286,3.85714285714286,4.28571428571429,6.71428571428571,9.57142857142857,4,3.28571428571429,43
"684",7.28571428571429,5.28571428571429,8.14285714285714,5.57142857142857,7,8.28571428571428,4.14285714285714,3.14285714285714,44
"685",1.42857142857143,1.42857142857143,1.71428571428571,1.57142857142857,2.14285714285714,2.14285714285714,1.85714285714286,2.42857142857143,45
"686",9,9.14285714285714,9.14285714285714,8.14285714285714,7.85714285714286,9.28571428571428,9.28571428571428,1.14285714285714,46
"687",4.57142857142857,3.85714285714286,4.85714285714286,4.57142857142857,3.57142857142857,2.57142857142857,5.85714285714286,6.57142857142857,47
"688",6.28571428571429,4.71428571428571,6.42857142857143,5.71428571428571,4.57142857142857,3.85714285714286,5.57142857142857,8.57142857142857,48
"689",9.14285714285714,8.85714285714286,9.28571428571428,7.71428571428571,8.28571428571428,3.42857142857143,9.42857142857143,8.71428571428571,49
"690",3.71428571428571,4.28571428571429,4.57142857142857,2.85714285714286,4.85714285714286,4.28571428571429,4.57142857142857,5.71428571428571,50
"691",4.71428571428571,6.14285714285714,4.42857142857143,6.14285714285714,5,5.14285714285714,7.28571428571429,3.85714285714286,51
"692",1.14285714285714,1,1.14285714285714,1.28571428571429,1,1.85714285714286,1.28571428571429,5.57142857142857,52
"693",6.14285714285714,7.42857142857143,6.71428571428571,5,8,7,6.71428571428571,4,53
"694",9.57142857142857,9.71428571428571,9,9.57142857142857,9.42857142857143,8.57142857142857,9.71428571428571,7,54
"695",4.14285714285714,5.71428571428571,4.14285714285714,3.42857142857143,8.57142857142857,6.85714285714286,4.42857142857143,2,55
"696",5.14285714285714,6.57142857142857,5.71428571428571,5.14285714285714,2.42857142857143,8.14285714285714,7.14285714285714,9,56
"697",3.14285714285714,3.42857142857143,2.28571428571429,4.85714285714286,3.85714285714286,6,3.57142857142857,1.57142857142857,57
"698",2.57142857142857,4,3.57142857142857,2,7.57142857142857,7.28571428571429,3.14285714285714,1.42857142857143,58
"699",9.42857142857143,8.28571428571428,9.85714285714286,8.28571428571428,8.71428571428571,5.85714285714286,8.71428571428571,4.28571428571429,59
"700",8.57142857142857,6.42857142857143,8.71428571428571,8.42857142857143,5.85714285714286,4.42857142857143,5.71428571428571,9.71428571428571,60
"701",3,2.57142857142857,2.42857142857143,3.71428571428571,2.71428571428571,3,3.71428571428571,2.14285714285714,61
"702",6.85714285714286,9.28571428571428,7.28571428571429,5.42857142857143,7.28571428571429,9.85714285714286,9,3.57142857142857,62
"703",2.14285714285714,1.71428571428571,2.57142857142857,2.14285714285714,1.57142857142857,1.42857142857143,2.71428571428571,3,63
"704",7.85714285714286,7.71428571428571,8.57142857142857,7.42857142857143,6.14285714285714,8,6.57142857142857,5.14285714285714,64
