,,,Premature death,,,,,,,,,,,,,,,,,,,,Poor or fair health,,,,Poor physical health days,,,,Poor mental health days,,,,Low birthweight,,,,,,,,,,,,,,,,,,,,Adult smoking,,,,Adult obesity,,,,Food environment index,,Physical inactivity,,,,Access to exercise opportunities,,Excessive drinking,,,,Alcohol-impaired driving deaths,,,,,,Sexually transmitted infections,,,Teen births,,,,,,,,,,,,,,,,,,,Uninsured,,,,,Primary care physicians,,,,Dentists,,,,Mental health providers,,,,Preventable hospital stays,,,,,,,Mammography screening,,,,,,,Flu vaccinations,,,,,,,High school graduation,,,Some college,,,,,,Unemployment,,,,Children in poverty,,,,,,,,,Income inequality,,,,Children in single-parent households,,,,,,Social associations,,,Violent crime,,,Injury deaths,,,,,,,,,,,,,,,,,,,,Air pollution - particulate matter,,Drinking water violations,,Severe housing problems,,,,,,,,,,,,,Driving alone to work,,,,,,,,,,,,,,,,,,,Long commute - driving alone,,,,
FIPS,State,Parish,Deaths,Years of Potential Life Lost Rate,95% CI - Low,95% CI - High,Z-Score,YPLL Rate (AIAN),YPLL Rate (AIAN) 95% CI - Low,YPLL Rate (AIAN) 95% CI - High,YPLL Rate (Asian),YPLL Rate (Asian) 95% CI - Low,YPLL Rate (Asian) 95% CI - High,YPLL Rate (Black),YPLL Rate (Black) 95% CI - Low,YPLL Rate (Black) 95% CI - High,YPLL Rate (Hispanic),YPLL Rate (Hispanic) 95% CI - Low,YPLL Rate (Hispanic) 95% CI - High,YPLL Rate (White),YPLL Rate (White) 95% CI - Low,YPLL Rate (White) 95% CI - High,% Fair or Poor Health,95% CI - Low,95% CI - High,Z-Score,Average Number of Physically Unhealthy Days,95% CI - Low,95% CI - High,Z-Score,Average Number of Mentally Unhealthy Days,95% CI - Low,95% CI - High,Z-Score,Unreliable,% Low Birthweight,95% CI - Low,95% CI - High,Z-Score,% LBW (AIAN),% LBW (AIAN) 95% CI - Low,% LBW (AIAN) 95% CI - High,% LBW (Asian),% LBW (Asian) 95% CI - Low,% LBW (Asian) 95% CI - High,% LBW (Black),% LBW (Black) 95% CI - Low,% LBW (Black) 95% CI - High,% LBW (Hispanic),% LBW (Hispanic) 95% CI - Low,% LBW (Hispanic) 95% CI - High,% LBW (White),% LBW (White) 95% CI - Low,% LBW (White) 95% CI - High,% Smokers,95% CI - Low,95% CI - High,Z-Score,% Adults with Obesity,95% CI - Low,95% CI - High,Z-Score,Food Environment Index,Z-Score,% Physically Inactive,95% CI - Low,95% CI - High,Z-Score,% With Access to Exercise Opportunities,Z-Score,% Excessive Drinking,95% CI - Low,95% CI - High,Z-Score,# Alcohol-Impaired Driving Deaths,# Driving Deaths,% Driving Deaths with Alcohol Involvement,95% CI - Low,95% CI - High,Z-Score,# Chlamydia Cases,Chlamydia Rate,Z-Score,Teen Birth Rate,95% CI - Low,95% CI - High,Z-Score,Teen Birth Rate (AIAN),Teen Birth Rate (AIAN) 95% CI - Low,Teen Birth Rate (AIAN) 95% CI - High,Teen Birth Rate (Asian),Teen Birth Rate (Asian) 95% CI - Low,Teen Birth Rate (Asian) 95% CI - High,Teen Birth Rate (Black),Teen Birth Rate (Black) 95% CI - Low,Teen Birth Rate (Black) 95% CI - High,Teen Birth Rate (Hispanic),Teen Birth Rate (Hispanic) 95% CI - Low,Teen Birth Rate (Hispanic) 95% CI - High,Teen Birth Rate (White),Teen Birth Rate (White) 95% CI - Low,Teen Birth Rate (White) 95% CI - High,# Uninsured,% Uninsured,95% CI - Low,95% CI - High,Z-Score,# Primary Care Physicians,Primary Care Physicians Rate,Primary Care Physicians Ratio,Z-Score,# Dentists,Dentist Rate,Dentist Ratio,Z-Score,# Mental Health Providers,Mental Health Provider Rate,Mental Health Provider Ratio,Z-Score,Preventable Hospitalization Rate,Z-Score,Preventable Hosp. Rate (AIAN),Preventable Hosp. Rate (Asian),Preventable Hosp. Rate (Black),Preventable Hosp. Rate (Hispanic),Preventable Hosp. Rate (White),% With Annual Mammogram,Z-Score,% Screened (AIAN),% Screened (Asian),% Screened (Black),% Screened (Hispanic),% Screened (White),% Vaccinated,Z-Score,% Vaccinated (AIAN),% Vaccinated (Asian),% Vaccinated (Black),% Vaccinated (Hispanic),% Vaccinated (White),Cohort Size,High School Graduation Rate,Z-Score,# Some College,Population,% Some College,95% CI - Low,95% CI - High,Z-Score,# Unemployed,Labor Force,% Unemployed,Z-Score,% Children in Poverty,95% CI - Low,95% CI - High,Z-Score,% Children in Poverty (AIAN),% Children in Poverty (Asian),% Children in Poverty (Black),% Children in Poverty (Hispanic),% Children in Poverty (White),80th Percentile Income,20th Percentile Income,Income Ratio,Z-Score,# Single-Parent Households,# Households,% Single-Parent Households,95% CI - Low,95% CI - High,Z-Score,# Associations,Social Association Rate,Z-Score,Annual Average Violent Crimes,Violent Crime Rate,Z-Score,# Injury Deaths,Injury Death Rate,95% CI - Low,95% CI - High,Z-Score,Injury Death Rate (AIAN),Injury Death Rate (AIAN) 95% CI - Low,Injury Death Rate (AIAN) 95% CI - High,Injury Death Rate (Asian),Injury Death Rate (Asian) 95% CI - Low,Injury Death Rate (Asian) 95% CI - High,Injury Death Rate (Black),Injury Death Rate (Black) 95% CI - Low,Injury Death Rate (Black) 95% CI - High,Injury Death Rate (Hispanic),Injury Death Rate (Hispanic) 95% CI - Low,Injury Death Rate (Hispanic) 95% CI - High,Injury Death Rate (White),Injury Death Rate (White) 95% CI - Low,Injury Death Rate (White) 95% CI - High,Average Daily PM2.5,Z-Score,Presence of Water Violation,Z-Score,% Severe Housing Problems,95% CI - Low,95% CI - High,Severe Housing Cost Burden,Severe Housing Cost Burden 95% CI - Low,Severe Housing Cost Burden 95% CI - High,Overcrowding,Overcrowding 95% CI - Low,Overcrowding 95% CI - High,Inadequate Facilities,Inadequate Facilities 95% CI - Low,Inadequate Facilities 95% CI - High,Z-Score,% Drive Alone to Work,95% CI - Low,95% CI - High,Z-Score,% Drive Alone (AIAN),% Drive Alone (AIAN) 95% CI - Low,% Drive Alone (AIAN) 95% CI - High,% Drive Alone (Asian),% Drive Alone (Asian) 95% CI - Low,% Drive Alone (Asian) 95% CI - High,% Drive Alone (Black),% Drive Alone (Black) 95% CI - Low,% Drive Alone (Black) 95% CI - High,% Drive Alone (Hispanic),% Drive Alone (Hispanic) 95% CI - Low,% Drive Alone (Hispanic) 95% CI - High,% Drive Alone (White),% Drive Alone (White) 95% CI - Low,% Drive Alone (White) 95% CI - High,# Workers who Drive Alone,% Long Commute - Drives Alone,95% CI - Low,95% CI - High,Z-Score
22000,Louisiana,,71605,9535,9434,9636,,,,,,,,,,,,,,,,,22,20,24,,4.8,4.5,5.2,,5.1,4.8,5.5,,,11,11,11,,,,,,,,,,,,,,,,,23,21,25,,35,,,,5.2,,29,,,,75,,20,18,21,,1252,3787,33,32,34,,34756,742.0,,34,34,35,,,,,,,,,,,,,,,,,372802,10,9,10,,3131,67,1496:1,,2565,55,1817:1,,13860,297,336:1,,5957,,,,,,,41,,,,,,,42,,,,,,,47775,78,,706618,1246089,57,56,57,,102708,2103502,4.9,,27,25,28,,,,,,,103784,18241,5.7,,475547,1097509,43,43,44,,4517,9.6,,25218,541,,20188,86,85,88,,,,,,,,,,,,,,,,,9.4,,,,16,16,16,,,,,,,,,,,83,82,83,,,,,,,,,,,,,,,,,2007599,33,33,34,
22001,Louisiana,Acadia,1027,9742,8878,10605,-0.24,,,,,,,15253,12663,17844,,,,8594,7684,9504,21,20,22,-0.39,4.8,4.6,5.0,-0.04,5.0,4.8,5.2,-0.14,,10,9,10,-0.79,,,,,,,17,15,19,7,3,10,7,7,8,22,21,22,-0.10,38,31,46,0.23,7.8,-1.10,35,29,42,0.84,43,0.58,20,19,21,0.55,21,79,27,21,33,-0.54,361,576.8,-0.38,47,44,51,0.69,,,,,,,72,63,81,75,46,116,40,36,43,5626,11,9,12,0.77,23,37,2721:1,0.23,26,42,2392:1,-0.31,45,72,1382:1,0.87,7073,0.04,,,12099,2652,6198,47,-1.81,,,41,39,48,48,-1.24,,,39,38,49,541,91,-0.80,6889,15815,44,39,48,0.34,1287,23952,5.4,-0.18,35,28,43,0.60,,,66,42,23,95846,16512,5.8,0.30,5430,16250,33,28,39,-1.15,50,8.0,0.41,274,443,0.05,243,78,68,88,-0.53,,,,,,,81,60,108,,,,79,67,90,9.4,0.13,Yes,0.55,12,10,14,8,6,10,4,2,5,1,1,2,-0.47,84,82,87,-0.08,,,,,,,81,72,89,,,,88,87,89,24690,37,33,41,0.07
22003,Louisiana,Allen,433,9683,8346,11020,-0.27,,,,,,,11036,8050,14767,,,,9272,7764,10779,21,21,22,-0.28,4.6,4.4,4.8,-0.44,4.9,4.8,5.1,-0.30,,9,8,11,-0.81,,,,,,,15,12,19,,,,8,7,9,22,21,23,0.10,37,28,47,-0.07,7.3,-0.58,41,31,50,1.92,73,-0.75,21,20,21,0.91,7,30,23,14,34,-0.88,102,398.1,-1.17,53,46,59,1.16,,,,,,,50,38,66,,,,54,47,62,1666,9,8,11,-0.30,5,20,5124:1,0.90,7,27,3658:1,0.45,26,102,985:1,0.69,7589,0.23,,,8671,,7463,33,1.28,,,38,31,32,37,0.24,,,28,14,40,259,92,-0.95,3365,7523,45,38,51,0.23,494,8784,5.6,0.02,23,15,30,-0.78,60,70,26,47,19,86633,17063,5.1,-0.73,2192,5766,38,29,47,-0.66,27,10.5,-0.33,27,124,-1.18,111,87,70,103,0.07,,,,,,,67,41,103,,,,94,75,116,9.2,-0.40,Yes,0.55,11,9,14,6,4,8,4,2,5,2,1,3,-0.71,86,83,90,0.47,,,,,,,81,73,89,,,,86,82,90,8488,36,29,42,-0.05
22005,Louisiana,Ascension,1263,6933,6409,7458,-1.93,,,,,,,9208,7971,10445,,,,6562,5941,7183,17,16,17,-1.49,4.1,3.9,4.3,-1.49,4.3,4.1,4.5,-2.17,,9,8,9,-1.12,,,,9,5,14,15,13,16,7,5,9,7,6,7,18,18,19,-1.46,33,28,39,-0.91,8.1,-1.41,31,25,37,-0.05,73,-0.73,24,23,25,2.58,40,122,33,28,37,0.10,563,457.9,-0.91,24,22,26,-1.38,,,,,,,31,27,35,50,40,62,19,17,21,7633,7,6,8,-2.10,49,40,2509:1,0.11,39,31,3197:1,0.24,127,102,982:1,0.69,4112,-1.03,,7231,4845,7383,3799,45,-1.36,,42,46,34,45,46,-0.97,,31,38,43,48,1594,88,-0.51,23183,34285,68,63,72,-1.88,2609,62979,4.1,-1.15,14,10,18,-1.71,,16,40,15,6,138775,28629,4.8,-1.05,10266,32674,31,28,35,-1.36,70,5.7,1.07,401,337,-0.35,420,69,63,76,-1.10,,,,,,,69,56,84,,,,75,66,83,10.0,1.75,Yes,0.55,11,9,12,8,7,10,2,1,3,1,0,1,-0.90,87,85,88,0.49,,,,,,,82,77,88,68,60,76,86,83,89,57643,51,48,54,1.29
22007,Louisiana,Assumption,336,8969,7489,10450,-0.70,,,,,,,15146,11571,18722,,,,6607,5103,8111,22,21,22,-0.20,4.7,4.6,4.9,-0.16,5.0,4.8,5.2,-0.11,,11,9,12,-0.05,,,,,,,13,11,16,,,,10,8,12,21,20,22,-0.31,42,32,52,1.02,6.7,0.03,34,25,44,0.60,35,0.89,19,18,19,0.04,9,30,30,20,40,-0.19,93,412.9,-1.11,29,24,33,-0.99,,,,,,,28,21,37,,,,29,23,36,1898,10,9,12,0.45,3,13,7509:1,1.15,3,13,7433:1,1.17,6,27,3717:1,1.15,5806,-0.42,,,4999,4787,5691,40,-0.26,,,43,39,40,46,-0.97,,,32,45,51,242,90,-0.68,2053,5431,38,31,45,0.87,596,8941,6.7,0.84,29,20,38,-0.13,,,35,24,19,99098,17223,5.8,0.23,2291,4993,46,36,56,0.17,12,5.3,1.17,73,319,-0.43,91,80,65,99,-0.36,,,,,,,94,64,133,,,,76,58,98,9.3,-0.13,No,-1.79,10,7,13,8,5,10,1,0,2,1,0,2,-1.18,86,82,90,0.37,,,,,,,80,71,88,,,,86,80,92,9225,50,42,57,1.18
22009,Louisiana,Avoyelles,776,11512,10310,12713,0.83,,,,,,,15225,12765,17685,,,,10103,8714,11492,24,24,25,0.55,5.2,5.0,5.3,0.67,5.3,5.2,5.5,0.84,,12,11,13,0.44,,,,,,,17,15,19,,,,8,7,9,23,22,24,0.46,45,38,52,1.58,6.6,0.14,36,30,43,0.94,24,1.37,19,18,20,0.17,14,36,39,30,47,0.72,310,756.5,0.41,58,53,63,1.61,,,,,,,71,61,81,50,24,91,52,46,58,3212,10,9,12,0.43,11,27,3725:1,0.62,10,25,4046:1,0.59,69,171,586:1,0.27,6979,0.00,,,7094,,7088,35,0.84,,,32,31,36,37,0.24,,,28,14,39,410,79,0.40,4441,10646,42,37,47,0.51,876,15313,5.7,0.10,37,29,45,0.77,26,,50,30,20,88221,14227,6.2,0.86,4258,9587,44,37,52,0.01,41,10.0,-0.17,227,584,0.60,207,101,87,115,1.06,,,,,,,94,71,121,,,,108,90,125,9.2,-0.40,No,-1.79,14,11,16,10,8,12,3,2,4,1,1,2,-0.08,86,85,88,0.47,,,,,,,81,76,86,,,,90,87,94,14584,38,33,42,0.12
22011,Louisiana,Beauregard,661,10539,9332,11747,0.24,,,,,,,14479,10675,19197,,,,10177,8866,11487,20,19,21,-0.65,4.7,4.5,4.9,-0.18,5.0,4.8,5.2,-0.12,,10,9,11,-0.75,,,,,,,16,12,20,8,4,12,9,8,10,21,20,21,-0.43,36,29,44,-0.26,7.2,-0.48,28,21,34,-0.71,15,1.76,20,19,21,0.61,10,31,32,23,42,0.04,139,376.4,-1.27,44,39,49,0.39,,,,,,,40,29,54,41,24,65,45,40,50,2862,10,8,11,-0.13,15,41,2462:1,0.08,9,24,4139:1,0.62,27,72,1380:1,0.87,7519,0.20,,,7050,19082,7414,33,1.28,,,29,24,33,42,-0.43,,40,33,27,43,396,95,-1.20,5017,9452,53,47,59,-0.54,773,14542,5.3,-0.22,19,13,24,-1.22,28,,34,16,18,102917,18536,5.6,-0.06,2913,9061,32,25,39,-1.29,51,13.8,-1.27,40,109,-1.24,140,76,64,89,-0.64,,,,,,,74,44,117,,,,78,64,92,9.4,0.13,Yes,0.55,12,10,14,9,6,11,2,1,4,1,0,1,-0.67,83,80,85,-0.56,,,,,,,78,66,91,88,78,97,82,79,86,14287,49,44,55,1.16
22013,Louisiana,Bienville,286,11198,9132,13264,0.64,,,,,,,13124,9681,16567,,,,10256,7541,12972,24,23,24,0.34,5.0,4.8,5.2,0.38,5.2,5.0,5.4,0.57,,15,13,17,2.07,,,,,,,23,19,27,,,,8,6,10,22,21,22,-0.07,45,34,56,1.71,6.1,0.65,26,17,38,-1.05,21,1.50,16,15,17,-1.32,3,17,18,6,32,-1.46,130,953.2,1.29,45,37,53,0.47,,,,,,,44,34,56,,,,47,37,60,967,9,7,11,-0.59,2,15,6819:1,1.09,3,23,4436:1,0.70,47,353,283:1,-0.84,6227,-0.27,,,5348,,6716,37,0.40,,,39,,36,40,-0.17,,,29,,45,134,90,-0.67,1311,3039,43,35,51,0.38,331,5670,5.8,0.19,36,26,47,0.70,,,55,,28,77848,11874,6.6,1.36,1635,3077,53,42,64,0.94,22,16.1,-1.94,54,410,-0.08,47,69,50,91,-1.15,,,,,,,49,27,81,,,,84,58,119,9.7,0.94,Yes,0.55,11,9,13,9,7,12,2,1,3,1,0,1,-0.86,86,81,90,0.26,,,,,,,70,48,92,,,,78,73,84,4593,55,46,63,1.60
22015,Louisiana,Bossier,1528,7404,6874,7933,-1.65,,,,,,,9081,7837,10326,4277,2842,6182,7159,6535,7784,19,18,19,-0.98,4.3,4.2,4.5,-1.06,4.8,4.6,5.0,-0.70,,10,10,11,-0.31,,,,5,3,8,17,16,19,6,5,7,9,8,9,19,18,19,-1.17,31,26,37,-1.40,7.5,-0.79,27,22,33,-0.81,76,-0.89,20,20,21,0.80,13,63,21,14,28,-1.15,901,705.9,0.19,30,28,32,-0.87,,,,,,,38,33,42,40,32,50,26,23,28,9430,9,8,10,-0.76,55,43,2321:1,-0.01,69,54,1843:1,-0.95,286,225,445:1,-0.06,5801,-0.42,,3083,7822,5570,5335,41,-0.48,,34,44,35,41,48,-1.24,,59,37,41,50,1433,83,-0.01,24377,35935,68,64,72,-1.90,2464,57620,4.3,-1.04,20,15,25,-1.05,28,16,47,35,13,105991,23330,4.5,-1.48,11501,31268,37,33,41,-0.79,95,7.4,0.56,605,480,0.19,368,58,52,64,-1.86,,,,,,,43,33,55,29,15,50,67,60,75,10.3,2.56,Yes,0.55,15,13,16,12,11,14,2,2,3,1,0,1,0.25,87,86,88,0.59,,,,72,55,88,83,78,88,79,74,83,87,86,89,58410,23,21,25,-1.14
22017,Louisiana,Caddo,4324,10847,10370,11324,0.43,,,,,,,13524,12775,14273,,,,8454,7845,9062,23,22,23,0.13,4.9,4.7,5.1,0.15,5.2,5.0,5.4,0.49,,14,14,15,1.81,,,,12,9,15,18,17,18,9,7,11,9,9,10,22,21,22,0.05,40,36,44,0.55,5.8,0.96,31,27,35,-0.05,85,-1.27,17,17,18,-0.63,74,188,39,36,43,0.77,2722,1103.9,1.95,44,42,45,0.35,,,,,,,57,54,59,56,45,70,24,22,26,17370,9,8,10,-0.84,282,114,874:1,-2.79,189,78,1285:1,-2.18,1644,677,148:1,-2.81,6451,-0.19,,2952,7879,4759,5588,42,-0.70,,44,43,34,41,44,-0.70,,43,35,44,49,2819,74,0.97,36853,64660,57,54,60,-0.90,5751,104778,5.5,-0.09,36,29,42,0.63,10,11,50,34,17,90897,16180,5.6,0.04,31558,59075,53,50,57,0.97,299,12.1,-0.78,1723,688,1.00,1026,83,78,88,-0.20,,,,,,,76,69,83,,,,96,88,104,10.3,2.56,Yes,0.55,17,16,18,15,14,17,2,2,2,1,1,1,1.01,86,85,87,0.33,85,67,100,73,66,81,84,83,86,81,77,85,90,89,92,104060,19,17,20,-1.50
22019,Louisiana,Calcasieu,3293,9983,9495,10471,-0.09,,,,,,,13700,12561,14839,5537,3736,7904,8860,8317,9403,19,19,20,-0.79,4.4,4.2,4.5,-0.96,4.6,4.4,4.7,-1.44,,10,9,10,-0.58,,,,11,8,14,14,13,15,8,6,10,8,7,8,20,20,21,-0.62,35,32,39,-0.41,7.3,-0.58,30,27,33,-0.25,75,-0.82,19,18,20,0.20,68,180,38,34,41,0.61,1196,590.8,-0.32,43,41,45,0.26,,,,,,,52,49,56,49,39,60,38,36,40,15006,9,8,10,-0.69,155,77,1306:1,-1.32,117,58,1736:1,-1.13,521,257,390:1,-0.25,4614,-0.85,,2283,5744,4129,4356,44,-1.14,,33,44,46,44,45,-0.84,,41,34,46,48,2081,84,-0.09,30849,53624,58,55,60,-0.95,4195,109878,3.8,-1.40,21,16,26,-0.95,33,,47,21,15,104598,20545,5.1,-0.71,19696,49529,40,36,43,-0.48,220,10.9,-0.42,1237,626,0.76,772,77,72,82,-0.58,,,,,,,66,56,76,65,40,98,82,76,89,9.5,0.40,Yes,0.55,13,12,14,11,10,12,2,2,3,1,0,1,-0.27,86,84,87,0.23,,,,75,66,84,81,78,85,74,67,81,88,87,89,88670,19,18,21,-1.48
22021,Louisiana,Caldwell,204,11205,8862,13547,0.65,,,,,,,,,,,,,,,,22,21,23,-0.16,4.9,4.7,5.1,0.13,5.1,4.9,5.3,0.20,,9,7,11,-0.95,,,,,,,19,12,26,,,,8,6,9,23,23,24,0.66,40,31,49,0.51,7.5,-0.79,27,20,35,-0.75,37,0.81,19,18,19,0.01,3,15,20,7,35,-1.22,49,492.5,-0.76,56,45,67,1.46,,,,,,,27,13,50,,,,66,54,81,852,11,9,13,1.12,3,30,3317:1,0.49,2,20,4980:1,0.83,13,131,766:1,0.52,16387,3.00,,,15450,,16825,31,1.72,,,39,,29,29,1.31,,,24,,30,71,90,-0.72,886,2398,37,28,45,0.95,219,3826,5.7,0.10,30,21,40,0.03,,,62,,28,82557,12417,6.6,1.49,874,2316,38,27,49,-0.69,12,12.1,-0.77,22,221,-0.80,54,108,81,141,1.55,,,,,,,,,,,,,,,,9.2,-0.40,Yes,0.55,14,9,19,12,7,17,2,1,4,0,0,1,0.01,86,85,88,0.37,,,,,,,,,,,,,,,,3319,30,23,38,-0.50
22023,Louisiana,Cameron,79,7133,4940,9967,-1.81,,,,,,,,,,,,,,,,17,16,18,-1.45,4.2,4.0,4.4,-1.25,4.7,4.5,4.9,-1.06,,8,6,11,-1.41,,,,,,,,,,,,,,,,19,18,20,-1.25,35,24,48,-0.48,9.0,-2.34,33,22,45,0.46,61,-0.20,21,20,22,1.34,1,6,17,1,43,-1.56,11,159.1,-2.23,21,15,30,-1.62,,,,,,,,,,,,,,,,544,9,8,11,-0.24,2,29,3456:1,0.54,,,,0.00,,,,0.00,4287,-0.97,,,,,,39,-0.04,,,,,,34,0.64,,,,38,32,90,91,-0.83,841,1394,60,45,75,-1.21,143,4057,3.5,-1.63,20,13,26,-1.12,,,35,,10,111119,26019,4.3,-1.86,314,1474,21,10,33,-2.44,7,10.1,-0.21,17,252,-0.69,23,67,43,101,-1.25,,,,,,,,,,,,,,,,9.1,-0.67,Yes,0.55,7,3,11,3,0,6,4,1,8,0,0,1,-2.05,90,85,94,1.34,,,,,,,,,,78,63,94,81,79,84,3202,43,33,52,0.56
22025,Louisiana,Catahoula,197,10576,8273,12880,0.27,,,,,,,13973,9787,19345,,,,9266,6421,12110,22,22,23,0.01,4.8,4.6,5.0,-0.05,5.0,4.8,5.2,0.00,,11,9,13,-0.03,,,,,,,14,10,18,,,,10,7,12,23,22,23,0.30,37,27,48,-0.05,6.6,0.14,40,30,50,1.72,16,1.73,18,18,19,-0.16,2,8,25,7,46,-0.70,37,374.7,-1.28,48,39,59,0.74,,,,,,,37,24,54,,,,56,43,72,784,11,9,12,0.76,1,10,9875:1,1.27,2,21,4804:1,0.79,2,21,4804:1,1.19,7507,0.20,,,7214,,7876,38,0.18,,,36,,39,33,0.77,,,25,,35,82,88,-0.48,960,2625,37,29,44,0.98,230,3381,6.8,0.95,37,26,48,0.78,,,65,,16,99097,14121,7.0,2.01,927,2179,43,33,52,-0.18,15,15.2,-1.67,38,377,-0.20,41,82,59,112,-0.21,,,,,,,,,,,,,,,,9.0,-0.94,Yes,0.55,12,8,15,10,6,13,2,0,4,0,0,1,-0.69,91,87,95,1.72,,,,,,,90,80,99,,,,91,86,95,3354,25,18,31,-1.01
22027,Louisiana,Claiborne,262,9862,7969,11755,-0.16,,,,,,,10742,8114,13371,,,,9224,6267,12182,28,27,29,1.54,5.4,5.2,5.6,1.26,5.3,5.1,5.5,0.65,,16,14,18,2.90,,,,,,,19,16,22,,,,12,8,15,26,25,27,1.79,38,29,47,0.12,6.1,0.65,35,24,46,0.76,39,0.73,17,16,17,-1.01,3,10,30,13,48,-0.19,124,776.5,0.50,45,37,53,0.46,,,,,,,59,48,73,,,,27,18,39,1126,11,9,13,1.12,6,38,2662:1,0.20,5,31,3189:1,0.24,14,88,1139:1,0.78,9139,0.79,,,8947,,9289,41,-0.48,,,43,,41,32,0.91,,,27,,34,112,90,-0.73,1679,4508,37,30,44,0.92,303,5779,5.2,-0.28,41,30,52,1.23,,,62,59,20,61417,12098,5.1,-0.73,1534,2918,53,43,62,0.88,13,8.1,0.36,20,155,-1.06,55,68,51,89,-1.19,,,,,,,55,35,83,,,,87,59,122,9.6,0.67,No,-1.79,19,16,23,16,12,20,2,1,4,3,1,4,1.67,87,84,89,0.51,,,,,,,88,81,95,,,,86,81,90,5128,38,31,45,0.15
22029,Louisiana,Concordia,420,12780,10928,14632,1.60,,,,,,,15306,12178,18434,,,,11399,9112,13685,26,25,27,0.96,5.4,5.2,5.6,1.18,5.4,5.2,5.6,0.94,,13,11,15,1.15,,,,,,,18,15,20,,,,9,7,11,25,24,25,1.11,35,28,41,-0.61,5.3,1.48,39,31,46,1.52,31,1.09,16,16,17,-1.18,8,20,40,28,51,0.84,112,563.8,-0.44,58,51,65,1.63,,,,,,,62,51,73,,,,55,45,65,1498,10,8,12,0.19,6,30,3311:1,0.49,7,36,2796:1,0.01,104,531,188:1,-1.93,8325,0.49,,,8122,26667,8199,41,-0.48,,,40,,42,39,-0.03,,,27,42,44,262,83,-0.01,1890,5022,38,30,45,0.88,489,6956,7.0,1.13,39,26,51,0.96,,,58,63,22,71814,13654,5.3,-0.47,2357,4721,50,39,61,0.60,25,12.6,-0.92,148,735,1.18,94,94,76,115,0.58,,,,,,,62,40,91,,,,120,94,152,9.0,-0.94,Yes,0.55,14,10,18,11,7,15,3,1,6,1,0,2,0.02,91,87,95,1.60,,,,,,,95,88,100,,,,89,86,91,6862,19,15,23,-1.48
22031,Louisiana,De Soto,462,9012,7745,10279,-0.68,,,,,,,12781,10380,15183,,,,7014,5529,8498,23,22,24,0.16,5.1,4.9,5.3,0.58,5.2,5.0,5.4,0.52,,13,11,14,0.87,,,,,,,17,15,19,,,,10,8,11,22,21,23,0.09,38,27,50,0.14,6.5,0.24,33,22,45,0.30,44,0.53,17,16,18,-0.74,7,25,28,17,39,-0.40,207,757.1,0.42,38,33,43,-0.11,,,,,,,44,36,52,,,,33,27,40,2145,10,8,11,-0.07,5,18,5468:1,0.95,2,7,13718:1,1.50,68,248,403:1,-0.20,6677,-0.10,,,7562,,6056,42,-0.70,,,42,,42,35,0.51,,,25,34,40,336,94,-1.11,3001,6570,46,39,53,0.14,618,10754,5.7,0.12,25,16,33,-0.58,,,56,38,21,98304,14734,6.7,1.52,3159,6598,48,40,56,0.38,33,12.1,-0.77,122,448,0.07,91,67,54,82,-1.27,,,,,,,53,35,78,,,,78,59,99,9.9,1.48,Yes,0.55,13,10,16,11,8,13,2,1,3,1,0,1,-0.30,85,81,88,-0.06,,,,,,,78,70,86,,,,86,81,91,10531,47,41,53,0.94
22033,Louisiana,East Baton Rouge,6265,9984,9641,10327,-0.09,,,,2921,2034,4062,13293,12720,13866,6662,5339,7985,7441,6996,7886,20,20,20,-0.62,4.5,4.4,4.6,-0.67,4.9,4.8,5.1,-0.28,,12,11,12,0.42,,,,10,9,12,15,15,16,8,7,9,7,7,8,18,18,19,-1.41,32,29,35,-1.16,6.5,0.24,29,26,31,-0.51,98,-1.80,22,21,22,1.52,89,280,32,29,35,-0.01,4057,909.1,1.09,27,26,28,-1.10,,,,5,3,8,40,38,41,69,61,77,8,8,9,32304,9,8,10,-0.87,415,93,1075:1,-1.96,335,76,1316:1,-2.09,1764,400,250:1,-1.13,4292,-0.97,,,6936,3065,3131,41,-0.48,,35,39,37,43,48,-1.24,,51,37,46,52,4454,71,1.27,78577,117320,67,65,69,-1.82,10045,232663,4.3,-1.01,24,19,29,-0.66,,22,36,39,6,115031,20821,5.5,-0.10,45747,100463,46,43,48,0.13,544,12.2,-0.80,2606,583,0.59,1919,86,82,90,0.05,,,,15,8,27,92,87,98,65,50,84,87,81,93,9.0,-0.94,No,-1.79,18,17,19,16,15,17,2,2,3,1,0,1,1.29,83,82,84,-0.42,,,,77,71,82,82,80,84,65,61,70,88,87,89,212900,30,29,31,-0.53
22035,Louisiana,East Carroll,149,12206,9455,14957,1.25,,,,,,,,,,,,,,,,37,36,39,3.00,6.6,6.3,6.8,3.00,6.0,5.8,6.2,2.79,,15,13,18,2.26,,,,,,,,,,,,,,,,32,31,33,3.00,40,28,53,0.57,3.5,3.00,28,16,42,-0.71,60,-0.19,14,13,15,-2.21,1,7,14,1,39,-1.80,39,547.3,-0.51,64,52,78,2.13,,,,,,,,,,,,,,,,411,8,7,10,-1.17,3,42,2375:1,0.03,1,14,7037:1,1.13,35,497,201:1,-1.72,16851,3.00,,,19543,,14604,32,1.50,,,31,,33,17,2.92,,,11,,23,,98,-1.53,655,2159,30,24,37,1.55,203,1962,10.3,3.00,62,45,78,3.00,,,84,,32,50603,8185,6.2,0.83,1066,1346,79,71,87,3.00,6,8.4,0.28,47,640,0.81,30,83,56,118,-0.18,,,,,,,69,40,110,,,,116,60,202,9.6,0.67,Yes,0.55,22,16,28,18,11,25,4,0,7,1,0,3,2.46,91,85,97,1.71,,,,,,,91,73,100,,,,90,83,96,1373,12,7,18,-2.09
22037,Louisiana,East Feliciana,391,10914,9138,12689,0.47,,,,,,,11754,9129,14378,,,,10625,8083,13166,21,20,21,-0.44,4.5,4.3,4.6,-0.73,4.7,4.5,4.9,-1.03,,11,9,13,0.08,,,,,,,15,12,18,,,,8,7,10,21,20,21,-0.45,35,24,46,-0.54,7.3,-0.58,27,17,39,-0.91,47,0.40,18,18,19,-0.15,13,46,28,21,36,-0.37,112,577.0,-0.38,30,24,35,-0.90,,,,,,,28,20,37,,,,31,23,42,1132,8,7,10,-1.19,6,31,3235:1,0.46,9,47,2145:1,-0.56,69,357,280:1,-0.87,4734,-0.81,,,6667,,4006,35,0.84,,,41,,33,42,-0.43,,,37,,45,139,86,-0.33,1759,5041,35,29,41,1.14,374,8008,4.7,-0.73,24,16,32,-0.63,,,38,,14,96907,17265,5.6,0.03,1366,3528,39,28,49,-0.59,12,6.2,0.93,85,431,0.01,98,100,81,122,1.00,,,,,,,91,64,124,,,,108,82,141,9.3,-0.13,Yes,0.55,12,8,16,9,6,12,4,1,6,0,0,1,-0.50,87,84,90,0.66,,,,,,,89,81,97,,,,82,77,87,6480,55,47,62,1.62
22039,Louisiana,Evangeline,623,11220,9960,12480,0.66,,,,,,,13002,10626,15378,,,,11244,9633,12854,25,24,26,0.68,5.3,5.1,5.5,0.89,5.4,5.2,5.6,1.11,,11,10,12,-0.16,,,,,,,15,13,17,,,,8,7,9,24,24,25,1.08,39,29,49,0.42,6.1,0.65,36,27,46,1.04,56,-0.01,19,18,19,0.00,13,31,42,33,51,1.04,183,542.9,-0.53,53,48,58,1.16,,,,,,,70,60,81,,,,44,38,50,2748,10,8,12,0.25,21,62,1605:1,-0.76,13,39,2573:1,-0.15,22,66,1520:1,0.91,9010,0.74,,,9457,,8846,40,-0.26,,,47,,39,48,-1.24,,,39,7,51,394,81,0.28,3048,8248,37,31,43,0.95,697,12061,5.8,0.14,34,25,44,0.47,,,59,47,27,73190,14602,5.0,-0.82,3660,8432,43,36,51,-0.09,29,8.6,0.23,57,191,-0.92,187,111,95,127,1.75,,,,,,,86,62,117,,,,126,105,146,9.3,-0.13,Yes,0.55,17,14,20,13,10,16,3,2,5,1,0,1,0.84,87,84,90,0.59,,,,,,,88,79,96,,,,88,84,93,11275,30,25,35,-0.51
22041,Louisiana,Franklin,387,10656,9025,12286,0.31,,,,,,,11865,8904,14827,,,,9930,7997,11863,25,24,26,0.70,5.2,5.1,5.4,0.86,5.3,5.1,5.5,0.74,,13,11,14,1.10,,,,,,,17,14,19,,,,10,8,12,24,23,24,0.69,38,31,46,0.21,6.4,0.34,37,30,44,1.08,38,0.78,17,16,17,-1.01,9,25,36,25,46,0.43,124,612.0,-0.23,48,41,54,0.73,,,,,,,65,53,77,,,,38,31,47,1887,12,10,13,1.57,7,35,2894:1,0.32,4,20,5039:1,0.84,29,144,695:1,0.44,10087,1.13,,,16819,,8203,33,1.28,,,34,,32,24,1.98,,,21,,25,208,76,0.75,1768,4821,37,,,0.97,521,7311,7.1,1.20,42,30,53,1.29,,,63,,26,78793,13637,5.8,0.26,2572,5169,50,41,59,0.58,29,14.3,-1.41,24,120,-1.19,90,89,71,109,0.21,,,,,,,86,57,124,,,,90,68,116,9.3,-0.13,Yes,0.55,13,10,17,10,7,13,3,2,4,1,0,2,-0.13,88,84,92,0.78,,,,,,,80,72,87,,,,89,86,92,6913,28,23,32,-0.72
22043,Louisiana,Grant,363,8679,7285,10072,-0.88,,,,,,,,,,,,,,,,22,22,23,0.03,4.6,4.4,4.8,-0.46,4.8,4.6,5.0,-0.71,,10,8,11,-0.73,,,,,,,14,10,19,,,,9,8,11,23,22,23,0.30,47,38,57,2.16,7.3,-0.58,41,32,50,2.06,70,-0.59,20,19,21,0.71,13,27,48,39,57,1.67,120,537.2,-0.56,52,45,59,1.13,,,,,,,64,42,93,,,,53,45,60,1521,9,8,11,-0.24,2,9,11168:1,1.32,3,13,7494:1,1.18,15,67,1499:1,0.91,5719,-0.45,,,8802,,5496,40,-0.26,,,33,67,40,41,-0.30,,,34,58,42,225,84,-0.09,2549,7026,36,31,42,1.01,476,8071,5.9,0.24,24,17,32,-0.59,,,72,,14,81063,16635,4.9,-1.01,1791,4694,38,30,46,-0.65,19,8.5,0.26,12,55,-1.44,89,80,64,98,-0.41,,,,,,,,,,,,,,,,9.5,0.40,Yes,0.55,11,8,13,8,5,10,2,1,2,2,1,3,-0.96,78,75,81,-1.77,,,,,,,,,,,,,,,,7086,48,41,54,0.99
22045,Louisiana,Iberia,1230,10383,9539,11227,0.15,,,,,,,14625,12874,16375,,,,8751,7762,9739,23,22,23,0.10,4.9,4.7,5.0,0.06,5.1,4.9,5.2,0.02,,11,10,12,0.15,,,,13,8,18,16,14,17,10,7,13,8,7,9,21,21,22,-0.22,41,35,48,0.85,6.8,-0.07,29,24,35,-0.45,63,-0.31,19,18,19,0.01,30,78,38,33,44,0.68,572,792.5,0.57,43,40,46,0.28,,,,,,,57,51,63,37,24,55,35,31,39,6273,10,9,12,0.47,34,47,2123:1,-0.17,43,61,1650:1,-1.29,107,151,663:1,0.39,4156,-1.02,,3617,4534,4539,3898,41,-0.48,,15,39,49,41,43,-0.57,,40,34,44,46,915,81,0.19,7386,17971,41,37,46,0.56,1675,28639,5.8,0.20,39,32,46,1.03,,54,55,23,16,94535,19021,5.0,-0.88,9061,18759,48,42,55,0.43,44,6.1,0.95,140,196,-0.90,316,87,77,96,0.08,,,,,,,77,62,95,,,,98,85,112,9.4,0.13,Yes,0.55,14,12,16,11,9,12,3,2,4,1,1,2,0.14,84,82,86,-0.22,,,,,,,78,74,82,53,46,59,88,86,90,29959,30,27,33,-0.56
22047,Louisiana,Iberville,577,10157,8908,11406,0.01,,,,,,,11620,9809,13431,,,,9400,7569,11232,22,21,22,-0.21,4.6,4.4,4.7,-0.49,4.8,4.6,4.9,-0.82,,13,11,14,0.92,,,,,,,15,14,17,,,,9,7,11,21,20,22,-0.32,38,28,49,0.17,7.1,-0.38,21,13,30,-2.01,49,0.32,18,18,19,-0.09,17,60,28,22,35,-0.36,237,717.6,0.24,37,32,42,-0.24,,,,,,,41,35,48,,,,33,27,41,2060,9,7,10,-0.96,11,33,3002:1,0.37,12,37,2727:1,-0.04,87,266,376:1,-0.31,5025,-0.70,,,6750,,3970,39,-0.04,,,31,67,44,44,-0.70,,,36,47,49,290,86,-0.32,4082,9129,45,39,51,0.23,878,14190,6.2,0.46,33,23,42,0.31,,,38,7,18,100853,19737,5.1,-0.68,3806,6941,55,44,66,1.12,24,7.3,0.61,364,1096,2.57,134,81,67,95,-0.30,,,,,,,82,63,104,,,,85,66,108,9.5,0.40,Yes,0.55,16,12,19,12,9,15,3,1,6,1,0,2,0.50,84,83,86,-0.17,,,,,,,86,81,91,,,,89,87,91,12551,42,36,48,0.50
22049,Louisiana,Jackson,271,9036,7368,10704,-0.66,,,,,,,12886,9711,16061,,,,7834,5781,9886,22,22,23,-0.03,4.9,4.8,5.1,0.23,5.1,4.9,5.3,0.11,,12,10,13,0.33,,,,,,,15,11,19,,,,10,8,12,22,21,23,0.01,34,26,42,-0.67,6.5,0.24,29,22,37,-0.41,23,1.43,18,17,18,-0.44,5,16,31,18,45,-0.06,94,593.2,-0.31,39,32,47,-0.01,,,,,,,39,28,54,,,,40,32,50,1169,10,8,12,0.15,3,19,5282:1,0.93,2,13,7951:1,1.22,16,101,994:1,0.70,8690,0.62,,,11885,,7971,41,-0.48,,,47,,40,39,-0.03,,,30,,41,135,81,0.26,1401,4019,35,29,41,1.14,315,6839,4.6,-0.78,32,23,40,0.18,,,66,80,26,87489,13688,6.4,1.13,1673,3482,48,41,55,0.40,24,15.1,-1.65,20,144,-1.10,56,71,53,92,-1.02,,,,,,,73,42,117,,,,72,51,98,9.5,0.40,Yes,0.55,15,12,19,12,9,16,2,1,4,1,0,3,0.43,82,77,86,-0.88,,,,,,,76,65,88,,,,86,82,90,5262,37,31,44,0.09
22051,Louisiana,Jefferson,6426,8901,8579,9224,-0.74,,,,3418,2371,4464,11786,11092,12479,4860,4258,5462,9010,8543,9477,20,20,21,-0.56,4.5,4.4,4.6,-0.65,4.6,4.5,4.7,-1.31,,10,9,10,-0.71,8,4,13,10,9,11,14,13,14,7,7,8,8,8,8,19,18,19,-1.22,33,30,37,-0.84,7.9,-1.20,27,24,30,-0.85,98,-1.82,20,19,20,0.46,43,140,31,26,35,-0.12,3003,684.0,0.09,31,29,32,-0.80,,,,6,4,10,36,34,39,63,58,67,19,17,20,41978,12,10,13,1.48,399,91,1100:1,-1.87,363,84,1196:1,-2.49,1123,259,387:1,-0.26,4906,-0.75,,2157,6338,4432,4624,41,-0.48,,34,41,34,42,42,-0.43,21,49,32,35,44,3168,72,1.18,69662,117751,59,57,61,-1.10,9404,215064,4.4,-0.97,26,21,30,-0.45,10,9,42,31,11,106739,21911,4.9,-1.02,41114,95120,43,41,46,-0.11,334,7.6,0.52,1892,434,0.02,1994,91,87,95,0.40,,,,42,30,57,82,75,89,49,41,57,112,106,118,8.0,-3.64,No,-1.79,18,17,19,16,15,17,2,2,2,1,1,1,1.19,82,81,83,-0.85,75,55,96,76,74,78,80,78,82,69,66,72,85,84,87,206813,32,30,33,-0.39
22053,Louisiana,Jefferson Davis,559,10886,9588,12183,0.45,,,,,,,14888,11075,18702,,,,10176,8783,11569,20,19,20,-0.75,4.6,4.4,4.8,-0.44,5.1,4.9,5.4,0.28,,10,9,11,-0.53,,,,,,,19,16,22,,,,8,7,9,21,20,22,-0.31,41,33,49,0.75,7.8,-1.10,33,27,40,0.42,45,0.49,19,18,20,0.31,11,45,24,17,33,-0.76,172,546.4,-0.52,41,37,46,0.15,,,,,,,47,37,60,,,,41,35,46,2727,10,9,12,0.58,14,44,2248:1,-0.07,7,22,4512:1,0.72,61,193,518:1,0.14,7143,0.06,35714,,9905,6781,6490,41,-0.48,,,43,27,42,44,-0.70,20,,34,26,47,361,93,-0.97,3556,7660,46,40,53,0.07,637,13510,4.7,-0.70,24,16,31,-0.66,,,44,17,19,99558,16283,6.1,0.74,3025,8026,38,31,45,-0.70,27,8.6,0.24,75,346,-0.32,141,90,75,104,0.28,,,,,,,95,62,139,,,,92,75,108,9.0,-0.94,No,-1.79,16,13,19,11,8,13,5,3,7,1,0,1,0.63,84,81,86,-0.28,,,,,,,79,68,90,,,,86,83,89,11919,42,36,47,0.48
22055,Louisiana,Lafayette,2728,7234,6854,7614,-1.75,,,,,,,10466,9611,11321,3733,2614,5167,6375,5924,6825,17,17,18,-1.31,4.4,4.2,4.5,-0.91,4.8,4.7,5.0,-0.58,,9,9,9,-1.07,,,,9,7,12,14,13,15,8,6,9,6,6,7,18,17,18,-1.60,31,27,35,-1.31,7.5,-0.79,26,22,29,-1.05,86,-1.32,20,20,21,0.76,42,120,35,30,40,0.32,1423,586.8,-0.34,28,27,30,-1.01,,,,,,,44,41,47,47,38,56,18,17,20,21024,10,9,11,0.35,257,106,944:1,-2.46,161,66,1508:1,-1.58,860,354,282:1,-0.85,5036,-0.70,,2659,7661,2734,4551,47,-1.81,,37,45,49,47,47,-1.10,,47,34,43,49,2121,77,0.66,44645,71454,62,60,65,-1.41,5072,113337,4.5,-0.89,20,16,25,-1.03,,10,43,25,9,115965,21221,5.5,-0.18,22023,56633,39,36,42,-0.57,180,7.4,0.57,1147,506,0.30,780,65,60,69,-1.41,,,,,,,66,57,74,49,32,71,67,61,73,9.4,0.13,Yes,0.55,14,13,16,12,11,14,2,1,2,1,0,1,0.16,84,83,85,-0.16,,,,74,63,86,82,80,84,62,54,70,87,86,89,117806,26,25,28,-0.85
22057,Louisiana,Lafourche,1387,8413,7763,9064,-1.04,11248,7412,16365,,,,13466,11265,15668,,,,7590,6888,8291,18,18,19,-1.05,4.4,4.2,4.5,-0.92,4.6,4.5,4.8,-1.17,,9,8,10,-1.06,9,6,13,11,5,18,15,14,17,7,5,10,7,7,8,19,19,20,-1.03,40,35,45,0.49,7.7,-1.00,32,27,36,0.19,60,-0.19,21,20,22,1.01,36,108,33,28,38,0.15,494,501.9,-0.71,29,27,31,-0.93,38,26,53,,,,40,34,46,43,31,59,25,23,28,9787,12,10,13,1.76,46,47,2140:1,-0.15,44,45,2230:1,-0.46,157,160,625:1,0.34,5668,-0.47,,,7848,4866,5487,42,-0.70,,,37,48,43,44,-0.70,29,50,31,45,45,834,94,-1.13,11649,25814,45,42,48,0.19,1981,41816,4.7,-0.68,23,17,29,-0.77,32,46,50,29,14,106011,20808,5.1,-0.70,8288,22878,36,32,40,-0.85,50,5.1,1.24,273,279,-0.58,430,88,79,96,0.14,92,49,157,,,,86,65,111,59,31,101,90,80,99,9.3,-0.13,No,-1.79,12,10,13,9,8,10,2,2,3,1,1,1,-0.65,81,79,83,-1.00,,,,,,,75,69,81,68,57,80,83,81,85,42371,40,37,43,0.32
22059,Louisiana,La Salle,258,9323,7656,10989,-0.49,,,,,,,,,,,,,,,,22,21,22,-0.18,4.8,4.6,5.0,0.03,5.0,4.8,5.3,0.00,,9,7,10,-1.20,,,,,,,18,10,25,,,,8,6,10,23,22,23,0.35,34,27,43,-0.63,7.5,-0.79,32,25,39,0.15,57,-0.05,20,19,20,0.42,4,17,24,11,38,-0.86,47,314.7,-1.54,43,36,50,0.30,,,,,,,29,14,51,,,,44,36,52,1366,12,10,14,1.85,9,60,1659:1,-0.68,3,20,4972:1,0.83,12,80,1243:1,0.82,9092,0.77,,,17069,,8849,41,-0.48,,,51,,40,34,0.64,,,30,,34,129,96,-1.35,1631,3922,42,33,50,0.52,276,6289,4.4,-0.95,24,17,31,-0.62,76,,30,13,22,89085,15153,5.9,0.40,1342,3464,39,27,50,-0.59,23,15.4,-1.73,37,246,-0.71,71,95,74,120,0.65,,,,,,,,,,,,,,,,9.1,-0.67,Yes,0.55,10,7,14,7,4,10,2,0,3,2,0,4,-1.08,81,76,86,-1.10,,,,,,,,,,,,,,,,4877,35,28,43,-0.09
22061,Louisiana,Lincoln,518,7495,6589,8401,-1.59,,,,,,,9974,8281,11666,,,,6285,5159,7411,23,23,24,0.21,5.0,4.8,5.2,0.34,5.1,4.9,5.3,0.22,,11,10,12,-0.07,,,,,,,15,14,17,,,,8,6,9,21,20,22,-0.33,36,30,42,-0.33,5.2,1.58,31,26,36,-0.07,47,0.37,19,18,20,0.20,6,25,24,14,35,-0.81,506,1059.8,1.76,18,16,20,-1.89,,,,,,,21,18,24,51,31,79,13,11,16,3577,10,8,11,0.01,31,65,1540:1,-0.86,18,38,2622:1,-0.11,189,400,250:1,-1.13,5887,-0.39,,,8347,,4925,44,-1.14,,,46,,44,44,-0.70,,,33,36,47,408,96,-1.30,6728,10488,64,58,70,-1.56,1138,21791,5.2,-0.30,30,22,38,0.00,,,51,59,14,85556,13165,6.5,1.28,4122,9422,44,37,50,-0.06,63,13.2,-1.09,182,402,-0.11,124,52,43,61,-2.28,,,,,,,42,30,57,,,,59,47,74,9.6,0.67,Yes,0.55,19,17,22,18,15,21,2,1,3,1,0,2,1.62,82,80,85,-0.70,,,,,,,83,77,90,,,,88,84,91,20662,21,17,25,-1.31
22063,Louisiana,Livingston,1925,9132,8558,9705,-0.61,,,,,,,12115,9614,14617,,,,9094,8485,9704,18,18,19,-1.09,4.3,4.1,4.4,-1.17,4.7,4.5,5.0,-0.87,,8,8,9,-1.38,,,,10,5,15,14,12,16,7,5,9,8,8,9,22,21,22,-0.08,37,32,42,-0.18,8.5,-1.82,31,27,35,-0.01,78,-0.98,21,20,22,1.21,38,121,31,27,36,-0.05,559,404.4,-1.15,32,30,34,-0.71,,,,,,,37,29,46,29,20,40,32,30,34,10697,9,8,10,-0.61,26,19,5316:1,0.93,43,31,3246:1,0.27,152,109,918:1,0.65,5285,-0.61,,,10038,,5139,39,-0.04,,,49,27,39,46,-0.97,,57,40,44,47,1690,87,-0.36,21690,38890,56,52,60,-0.79,2751,67916,4.1,-1.22,15,10,20,-1.62,,,13,26,14,120396,26402,4.6,-1.46,10950,35801,31,26,35,-1.45,96,6.9,0.71,486,355,-0.29,683,99,91,106,0.91,,,,,,,83,59,115,60,33,98,102,94,110,9.7,0.94,No,-1.79,11,10,13,8,7,10,3,2,4,0,0,1,-0.72,87,85,89,0.62,,,,,,,85,75,95,,,,82,80,85,62248,61,57,65,2.19
22065,Louisiana,Madison,226,12805,10407,15203,1.61,,,,,,,14864,11631,18097,,,,8980,6255,12490,31,30,32,2.28,5.9,5.7,6.1,2.26,5.7,5.5,5.9,1.84,,16,14,18,2.59,,,,,,,18,15,20,,,,9,5,12,28,27,28,2.34,41,32,51,0.83,5.3,1.48,39,29,49,1.50,85,-1.27,15,15,16,-1.63,7,30,23,14,34,-0.88,130,1148.8,2.15,65,55,75,2.25,,,,,,,69,57,81,,,,56,39,79,739,9,7,11,-0.58,4,35,2829:1,0.29,2,18,5581:1,0.94,70,627,159:1,-2.51,7282,0.11,,,7061,,7629,41,-0.48,,,39,,43,13,3.00,,,10,,16,99,40,3.00,1151,3413,34,28,40,1.24,301,3627,8.3,2.13,56,41,72,2.88,,,66,,22,63180,10982,5.8,0.23,1803,2728,66,57,76,2.31,6,5.3,1.18,68,585,0.60,47,82,60,109,-0.24,,,,,,,83,56,119,,,,75,42,124,9.6,0.67,Yes,0.55,18,14,23,13,9,18,5,2,7,0,0,1,1.31,84,78,90,-0.16,,,,,,,81,73,89,,,,88,80,97,3589,16,11,22,-1.73
22067,Louisiana,Morehouse,590,13712,12009,15414,2.16,,,,,,,16907,14270,19544,,,,10530,8412,12648,28,28,29,1.56,5.6,5.4,5.7,1.52,5.4,5.2,5.6,1.11,,14,12,15,1.51,,,,,,,18,16,20,,,,8,7,10,23,22,23,0.34,43,36,51,1.26,5.3,1.48,33,26,41,0.38,74,-0.78,16,15,16,-1.46,10,22,45,35,55,1.40,273,1064.7,1.78,56,50,62,1.47,,,,,,,67,58,76,,,,43,35,53,1867,9,8,11,-0.42,9,35,2849:1,0.30,10,39,2540:1,-0.18,90,354,282:1,-0.85,8642,0.61,,,9995,,8045,36,0.62,,,37,,36,36,0.37,,,28,,39,273,69,1.45,2448,5855,42,35,49,0.50,833,10193,8.2,2.03,41,28,54,1.23,,,63,,11,69667,12803,5.4,-0.21,2975,6227,48,38,57,0.37,41,16.0,-1.90,151,571,0.55,132,101,84,119,1.08,,,,,,,94,72,122,,,,109,85,138,9.8,1.21,Yes,0.55,15,12,18,13,10,16,2,1,4,1,0,1,0.34,90,87,93,1.36,,,,,,,92,87,98,,,,91,86,96,9211,41,36,47,0.46
22069,Louisiana,Natchitoches,638,11468,10164,12773,0.81,,,,,,,15081,12812,17350,,,,8849,7301,10397,26,25,27,0.95,5.3,5.1,5.4,0.89,5.4,5.2,5.6,1.05,,12,11,13,0.41,,,,,,,15,13,16,,,,9,8,10,24,23,24,0.77,36,28,45,-0.20,5.3,1.48,28,21,37,-0.55,69,-0.57,18,17,19,-0.37,8,38,21,13,30,-1.11,357,914.9,1.12,27,24,30,-1.14,,,,,,,32,28,37,,,,22,18,25,2960,10,8,11,-0.06,22,56,1774:1,-0.53,11,28,3514:1,0.39,158,409,245:1,-1.18,6439,-0.19,,,7438,,6195,40,-0.26,,,41,47,39,42,-0.43,,,35,50,45,526,80,0.38,4605,8287,56,50,62,-0.77,961,16527,5.8,0.17,33,26,41,0.39,,,63,23,19,69114,10239,6.8,1.63,4740,9280,51,44,58,0.72,49,12.6,-0.91,249,638,0.80,149,76,64,89,-0.63,,,,,,,73,56,94,,,,80,64,99,9.6,0.67,Yes,0.55,18,16,21,17,14,19,2,1,3,2,1,3,1.29,84,82,85,-0.27,,,,,,,80,74,87,,,,87,84,91,12043,24,20,28,-1.05
22071,Louisiana,Orleans,5831,10078,9715,10441,-0.03,,,,4201,3064,5621,12534,11995,13072,5799,4705,6894,6439,5941,6937,21,21,22,-0.31,4.5,4.4,4.7,-0.60,4.9,4.7,5.0,-0.57,,12,12,13,0.73,,,,7,6,9,15,15,16,8,7,9,7,7,8,23,22,23,0.33,30,26,33,-1.66,5.8,0.96,24,21,27,-1.43,94,-1.66,23,22,23,1.92,74,241,31,27,34,-0.12,4688,1192.0,2.35,27,26,28,-1.12,,,,,,,34,32,35,57,49,66,3,3,4,32093,10,9,11,0.13,373,95,1054:1,-2.03,279,71,1401:1,-1.85,2110,540,185:1,-1.98,5209,-0.64,46667,2596,6587,5835,3253,39,-0.04,,22,39,38,42,37,0.24,,44,30,33,45,3717,73,1.08,85515,122504,70,68,71,-2.08,8954,178845,5.0,-0.47,34,28,40,0.41,19,21,47,28,5,97429,13143,7.4,2.57,47346,77941,61,58,63,1.75,391,9.9,-0.16,4022,1025,2.30,2185,112,107,117,1.81,,,,54,37,76,123,116,129,71,56,89,98,90,106,9.0,-0.94,Yes,0.55,26,25,27,25,24,25,2,2,2,1,1,1,3.55,68,68,69,-4.51,64,47,81,72,68,76,72,70,74,66,63,70,75,73,76,175366,29,27,30,-0.65
22073,Louisiana,Ouachita,2476,10098,9536,10661,-0.02,,,,,,,13511,12462,14559,,,,8273,7603,8944,23,22,24,0.19,5.1,4.9,5.3,0.53,5.0,4.8,5.1,-0.24,,12,12,13,0.69,,,,9,5,13,16,16,17,8,6,11,8,8,9,21,21,22,-0.14,40,36,44,0.60,6.0,0.75,31,28,35,0.07,78,-0.97,18,17,18,-0.43,31,116,27,22,32,-0.53,1662,1066.2,1.79,40,38,42,0.01,,,,,,,54,51,58,50,36,68,27,24,29,10793,8,7,10,-1.04,130,83,1199:1,-1.58,97,63,1593:1,-1.40,762,493,203:1,-1.70,6507,-0.17,,4558,7962,8073,6013,42,-0.70,,57,41,42,43,43,-0.57,,39,33,57,46,1948,83,-0.01,22487,41254,55,51,58,-0.67,3661,70364,5.2,-0.31,30,24,37,0.05,,14,57,21,16,95474,15763,6.1,0.66,18859,39068,48,45,51,0.42,193,12.4,-0.86,2083,1378,3.66,654,84,77,90,-0.12,,,,,,,67,58,76,,,,97,88,106,9.5,0.40,Yes,0.55,16,14,17,14,12,15,2,2,3,1,0,1,0.51,85,84,87,0.10,,,,67,48,86,82,80,83,69,59,78,88,86,90,63240,22,20,24,-1.21
22075,Louisiana,Plaquemines,295,7542,6298,8786,-1.57,,,,,,,8225,5876,11200,,,,8340,6643,10036,19,19,20,-0.83,4.5,4.3,4.6,-0.68,4.8,4.6,5.0,-0.68,,9,8,10,-1.09,,,,,,,13,10,16,9,4,13,8,6,9,20,19,20,-0.92,38,31,44,0.04,7.1,-0.38,27,22,32,-0.83,45,0.48,20,19,20,0.51,9,14,64,54,73,3.33,108,462.6,-0.89,20,16,23,-1.78,,,,,,,19,12,29,,,,20,16,26,2352,12,10,13,1.59,4,17,5837:1,1.00,6,26,3902:1,0.54,29,124,807:1,0.56,4466,-0.90,,4667,7347,,3611,38,0.18,,32,38,27,39,33,0.77,,53,26,,34,295,91,-0.79,3679,6103,60,52,68,-1.20,462,9992,4.6,-0.77,20,14,26,-1.04,26,12,37,25,17,112368,18859,6.0,0.52,2398,6071,39,30,49,-0.51,17,7.3,0.61,35,148,-1.08,82,70,56,87,-1.06,,,,,,,49,25,85,,,,84,65,107,8.9,-1.21,Yes,0.55,14,11,17,11,8,14,3,1,5,1,0,1,-0.01,83,81,86,-0.38,,,,,,,86,79,93,70,60,80,86,85,87,10678,35,30,41,-0.06
22077,Louisiana,Pointe Coupee,400,10915,9248,12581,0.47,,,,,,,12436,9490,15381,,,,10309,8199,12419,20,19,21,-0.64,4.5,4.3,4.7,-0.70,4.9,4.7,5.1,-0.47,,11,9,12,-0.09,,,,,,,16,13,18,,,,7,6,9,20,19,20,-0.88,31,22,42,-1.31,7.3,-0.58,26,17,37,-0.93,34,0.96,18,17,19,-0.21,23,43,53,47,60,2.22,143,642.2,-0.09,39,34,45,-0.03,,,,,,,56,46,66,,,,28,22,36,1756,10,8,11,0.13,7,31,3181:1,0.44,7,32,3134:1,0.21,24,109,914:1,0.65,4175,-1.01,,,5396,,3778,36,0.62,,,36,,36,33,0.77,,,25,,36,215,70,1.39,2061,4932,42,35,49,0.50,536,9999,5.4,-0.19,28,19,37,-0.23,,,33,21,10,95733,15288,6.3,0.95,2432,4777,51,40,62,0.70,12,5.4,1.15,107,513,0.32,117,105,86,124,1.36,,,,,,,78,53,110,,,,126,100,156,9.3,-0.13,Yes,0.55,13,10,16,9,6,11,5,3,7,0,0,1,-0.15,81,77,85,-1.07,,,,,,,83,77,90,,,,78,71,86,8941,49,43,55,1.12
22079,Louisiana,Rapides,2310,10883,10245,11522,0.45,,,,,,,15446,14124,16768,,,,9227,8477,9977,22,21,22,-0.22,4.6,4.5,4.8,-0.44,5.3,5.1,5.5,0.72,,11,10,12,0.03,,,,7,4,11,16,15,17,7,5,10,8,7,8,22,22,23,0.26,40,36,44,0.51,6.2,0.55,31,27,34,-0.11,80,-1.04,17,17,18,-0.69,30,103,29,24,34,-0.28,1048,796.1,0.59,41,39,43,0.11,,,,,,,56,51,60,31,21,44,33,31,36,10369,10,8,11,-0.05,107,81,1230:1,-1.50,70,54,1865:1,-0.92,645,494,202:1,-1.70,5244,-0.62,,,6431,839,4979,44,-1.14,,42,45,35,43,44,-0.70,,42,34,36,46,1534,78,0.58,17173,32964,52,49,56,-0.45,2935,55281,5.3,-0.23,25,19,32,-0.51,26,3,45,25,11,95983,17949,5.3,-0.35,14457,32423,45,40,49,0.03,168,12.8,-0.97,1315,1014,2.25,603,91,84,99,0.41,,,,,,,90,78,103,,,,97,88,107,9.3,-0.13,Yes,0.55,16,14,17,14,12,15,2,1,2,1,0,1,0.52,83,81,85,-0.45,,,,,,,80,76,85,56,44,68,88,86,89,52899,19,17,21,-1.47
22081,Louisiana,Red River,181,12992,9995,15990,1.73,,,,,,,19450,14132,26110,,,,9103,5809,12396,22,22,23,-0.02,4.8,4.7,5.0,-0.02,5.1,4.9,5.3,0.16,,10,8,13,-0.26,,,,,,,14,10,17,,,,8,5,10,22,21,23,0.04,31,20,44,-1.31,6.8,-0.07,34,23,47,0.60,53,0.12,17,16,17,-0.94,7,17,41,28,53,0.96,88,1030.9,1.63,49,39,60,0.83,,,,,,,44,32,60,,,,52,38,70,602,9,7,10,-0.69,2,23,4268:1,0.75,2,24,4239:1,0.64,7,83,1211:1,0.81,11679,1.71,,,15543,,10209,34,1.06,,,46,,29,32,0.91,,,20,,36,69,84,-0.10,847,1970,43,32,54,0.39,179,4033,4.4,-0.91,33,22,44,0.38,,,70,,4,83417,13299,6.3,0.96,1008,2082,48,39,58,0.44,7,8.2,0.34,44,508,0.30,34,79,55,111,-0.42,,,,,,,82,45,138,,,,81,50,126,9.4,0.13,Yes,0.55,12,8,16,8,4,12,2,0,4,2,0,4,-0.46,84,82,85,-0.31,,,,,,,89,78,99,,,,87,80,94,3078,38,29,47,0.19
22083,Louisiana,Richland,372,10287,8701,11873,0.09,,,,,,,12336,9484,15187,,,,9268,7362,11174,25,24,26,0.73,5.3,5.1,5.5,0.95,5.4,5.2,5.6,1.11,,13,12,15,1.31,,,,,,,18,16,21,,,,9,7,11,23,23,24,0.58,36,27,45,-0.37,6.5,0.24,34,25,45,0.66,44,0.54,17,16,17,-0.93,3,24,13,4,25,-1.99,178,872.1,0.93,41,35,47,0.11,,,,,,,58,47,69,,,,30,23,37,1571,10,8,11,0.06,14,69,1458:1,-1.01,9,45,2244:1,-0.45,94,466,215:1,-1.53,9629,0.96,,,12250,,8829,40,-0.26,,,40,,40,24,1.98,,,19,,26,284,78,0.50,1956,4973,39,33,45,0.73,519,8318,6.2,0.51,37,27,47,0.77,,,64,72,27,83058,14807,5.6,0.02,2751,4872,56,48,65,1.29,22,10.8,-0.40,87,485,0.21,79,77,61,96,-0.56,,,,,,,46,27,74,,,,98,75,125,9.6,0.67,Yes,0.55,9,7,12,8,5,11,3,1,4,1,0,1,-1.32,88,86,90,0.84,,,,,,,90,84,96,,,,92,88,96,7699,29,24,34,-0.60
22085,Louisiana,Sabine,426,9348,7897,10799,-0.48,,,,,,,10868,7612,15046,,,,10349,8438,12260,20,20,21,-0.53,4.8,4.6,4.9,-0.15,4.9,4.8,5.1,-0.29,,10,9,11,-0.50,8,5,12,,,,14,11,18,,,,9,8,11,21,20,22,-0.34,46,36,55,1.82,7.1,-0.38,37,27,47,1.14,26,1.29,19,18,19,-0.04,7,30,23,14,34,-0.88,117,487.1,-0.78,40,35,46,0.07,37,23,55,,,,39,28,53,,,,43,36,50,2373,13,11,14,2.28,3,12,8006:1,1.18,3,12,8011:1,1.22,32,133,751:1,0.50,7964,0.36,,,10143,19579,7719,33,1.28,,,30,,34,38,0.10,,,23,38,39,284,93,-1.05,2394,5424,44,39,50,0.28,467,9009,5.2,-0.33,30,22,38,0.03,31,,53,27,11,82479,14380,5.7,0.20,2236,5752,39,33,45,-0.57,32,13.3,-1.13,26,112,-1.22,117,97,80,115,0.80,,,,,,,90,54,141,,,,111,90,136,9.4,0.13,Yes,0.55,10,8,11,7,6,9,3,2,3,0,0,1,-1.28,80,78,83,-1.23,88,78,97,,,,74,62,86,,,,81,77,85,7791,38,33,42,0.12
22087,Louisiana,St. Bernard,762,11365,10293,12437,0.74,,,,,,,10820,8648,12991,,,,12705,11273,14137,23,22,24,0.15,4.9,4.7,5.0,0.08,5.0,4.8,5.2,-0.10,,10,9,11,-0.40,,,,11,5,17,14,12,16,10,8,13,8,7,10,23,22,23,0.29,43,37,48,1.11,6.4,0.34,33,28,38,0.34,57,-0.03,20,19,20,0.48,4,25,16,7,28,-1.63,273,590.9,-0.32,33,29,37,-0.60,,,,,,,41,33,48,44,31,60,28,24,33,4155,10,9,12,0.42,10,22,4620:1,0.82,13,28,3594:1,0.42,179,383,261:1,-1.02,6139,-0.30,,,8071,8127,5392,30,1.94,,,38,34,28,33,0.77,,22,32,33,33,409,91,-0.82,7448,13791,54,50,58,-0.63,978,19519,5.0,-0.46,30,21,38,-0.01,,32,37,17,21,90342,18122,5.0,-0.86,5134,12217,42,36,48,-0.24,21,4.5,1.40,111,239,-0.74,226,99,86,112,0.92,,,,,,,98,73,129,,,,113,96,130,9.0,-0.94,No,-1.79,16,14,18,14,12,16,2,1,3,0,0,1,0.58,87,85,89,0.65,,,,,,,81,74,88,77,67,88,88,85,91,18501,48,44,52,1.02
22089,Louisiana,St. Charles,640,7419,6584,8253,-1.64,,,,,,,9297,7458,11137,,,,6761,5799,7722,19,18,19,-1.00,4.0,3.9,4.2,-1.67,4.5,4.3,4.6,-1.67,,10,9,11,-0.68,,,,,,,13,12,15,7,5,10,8,7,9,19,18,19,-1.23,37,31,45,-0.01,7.0,-0.28,25,19,31,-1.25,81,-1.09,21,21,22,1.26,12,37,32,24,41,0.06,296,561.1,-0.45,22,19,25,-1.57,,,,,,,30,24,36,30,20,44,18,15,21,3336,7,6,8,-1.85,18,34,2931:1,0.34,24,45,2203:1,-0.49,72,136,734:1,0.48,4636,-0.84,,,5739,2417,4166,44,-1.14,,,39,57,45,40,-0.17,,,33,43,44,717,82,0.16,8699,13488,64,59,70,-1.59,1094,24916,4.4,-0.95,22,17,26,-0.89,,29,33,32,6,131645,28516,4.6,-1.38,5319,13021,41,34,48,-0.36,45,8.5,0.25,175,333,-0.37,177,67,57,77,-1.26,,,,,,,56,40,76,,,,71,58,83,9.0,-0.94,No,-1.79,13,10,15,11,9,13,2,1,3,0,0,1,-0.40,88,85,90,0.79,,,,,,,91,84,97,65,53,78,87,84,90,24238,46,41,50,0.82
22091,Louisiana,St. Helena,211,12394,9774,15015,1.36,,,,,,,11906,8605,15207,,,,14097,9478,18716,27,26,28,1.15,5.3,5.2,5.5,1.07,5.4,5.2,5.6,0.92,,11,9,13,-0.05,,,,,,,15,12,18,,,,4,2,6,24,23,25,0.85,32,21,46,-1.06,6.6,0.14,31,20,43,0.01,19,1.62,16,15,17,-1.24,12,29,41,32,50,0.98,75,723.7,0.27,44,35,54,0.37,,,,,,,45,34,59,,,,40,27,58,843,10,8,12,0.33,2,19,5182:1,0.91,1,10,10262:1,1.37,9,88,1140:1,0.78,9295,0.84,,,11719,,6075,31,1.72,,,31,,31,35,0.51,,,29,,41,92,74,0.96,1002,2721,37,25,49,0.96,284,4329,6.6,0.76,35,23,48,0.59,,,45,,5,95705,14697,6.5,1.30,1293,2273,57,46,68,1.34,10,9.6,-0.07,35,340,-0.34,68,130,101,165,3.00,,,,,,,112,76,159,,,,153,107,212,8.8,-1.48,No,-1.79,12,8,17,9,4,13,2,1,4,1,0,3,-0.44,81,72,89,-1.16,,,,,,,,,,,,,,,,3523,55,41,68,1.64
22093,Louisiana,St. James,338,9974,8346,11603,-0.10,,,,,,,12074,9658,14489,,,,8322,5987,10658,20,20,21,-0.56,4.3,4.2,4.5,-0.99,4.6,4.5,4.8,-1.20,,12,10,13,0.48,,,,,,,15,13,17,,,,9,7,11,19,18,20,-1.12,38,29,48,0.17,6.7,0.03,35,24,47,0.86,32,1.05,19,18,19,0.00,10,27,37,27,47,0.53,169,790.9,0.57,26,22,31,-1.19,,,,,,,37,30,45,,,,13,8,19,1255,7,6,8,-2.07,5,23,4273:1,0.75,6,29,3506:1,0.39,12,57,1753:1,0.97,4644,-0.84,,,6792,,3246,41,-0.48,,,40,,41,38,0.10,,,24,,46,276,85,-0.20,2755,5129,54,46,62,-0.60,576,9327,6.2,0.45,25,17,33,-0.53,,,47,,2,112680,18050,6.2,0.92,2529,4856,52,45,59,0.83,14,6.6,0.82,106,580,0.58,81,76,60,94,-0.68,,,,,,,68,48,94,,,,85,62,114,9.5,0.40,Yes,0.55,12,9,15,9,6,12,3,1,4,1,0,1,-0.51,83,78,87,-0.51,,,,,,,87,77,97,,,,88,83,93,8896,43,37,49,0.59
22095,Louisiana,St. John the Baptist,692,10642,9503,11781,0.31,,,,,,,11949,10378,13519,,,,9557,7699,11416,22,21,22,-0.22,4.5,4.3,4.6,-0.74,4.7,4.5,4.9,-1.04,,12,11,13,0.68,,,,,,,15,14,16,5,3,8,8,6,9,21,20,21,-0.51,43,35,51,1.28,6.4,0.34,32,24,40,0.19,82,-1.15,18,17,18,-0.51,15,47,32,24,40,0.01,318,732.0,0.31,27,24,30,-1.15,,,,,,,30,26,35,36,22,54,17,13,23,3194,9,7,10,-0.85,12,28,3620:1,0.59,16,37,2699:1,-0.06,125,289,345:1,-0.45,4415,-0.92,,,5015,,3834,38,0.18,,,38,47,38,35,0.51,,,28,37,41,352,81,0.26,5594,11078,50,44,57,-0.30,1117,19641,5.7,0.07,29,21,37,-0.10,,,36,13,10,105985,20988,5.0,-0.77,5448,10804,50,42,59,0.65,20,4.6,1.38,63,145,-1.10,193,89,76,101,0.22,,,,,,,85,69,101,,,,104,83,129,9.2,-0.40,Yes,0.55,15,12,18,13,10,16,2,1,4,1,0,1,0.37,88,82,94,0.84,,,,,,,85,81,89,77,65,89,86,82,90,19008,51,46,57,1.33
22097,Louisiana,St. Landry,1612,12667,11788,13547,1.53,,,,,,,15969,14450,17487,,,,10598,9522,11675,25,24,26,0.65,5.1,4.9,5.3,0.58,5.6,5.4,5.8,1.64,,11,10,12,0.01,,,,13,5,20,14,13,16,4,2,7,8,7,9,24,24,25,1.05,34,27,40,-0.78,6.2,0.55,32,26,38,0.17,52,0.18,18,18,19,-0.13,39,110,35,31,40,0.37,502,601.2,-0.27,51,48,54,0.99,,,,,,,58,54,63,47,30,71,44,40,48,6826,10,8,11,0.07,58,69,1440:1,-1.04,25,30,3311:1,0.30,178,215,465:1,0.00,6129,-0.30,,,7129,12392,5569,44,-1.14,,,46,36,44,45,-0.84,,31,36,40,49,942,69,1.46,7965,19706,40,36,45,0.63,1992,31933,6.2,0.50,47,40,53,1.82,,,60,12,29,78107,12054,6.5,1.25,10318,22162,47,40,53,0.24,66,7.9,0.43,533,674,0.94,399,96,86,105,0.68,,,,,,,102,87,117,,,,94,82,107,9.5,0.40,Yes,0.55,16,14,18,14,12,15,3,2,4,0,0,1,0.69,85,84,86,0.12,,,,,,,83,79,86,,,,85,83,87,29621,38,34,41,0.13
22099,Louisiana,St. Martin,891,9841,8878,10805,-0.18,,,,,,,12975,11001,14948,,,,8703,7571,9836,20,19,21,-0.65,4.6,4.4,4.7,-0.51,4.8,4.6,5.0,-0.69,,10,9,10,-0.70,,,,,,,13,11,14,11,5,16,8,7,9,22,21,22,-0.12,37,30,45,-0.09,7.8,-1.10,33,26,40,0.28,60,-0.17,20,19,21,0.57,27,69,39,33,45,0.75,344,635.0,-0.12,39,35,42,-0.08,,,,,,,49,42,55,51,28,86,32,27,36,4534,10,8,11,0.17,9,17,6019:1,1.02,9,17,5958:1,1.00,21,39,2553:1,1.07,4054,-1.05,,,5203,,3713,48,-2.03,,25,47,41,48,40,-0.17,,30,31,39,43,535,84,-0.06,6663,13967,48,42,53,-0.05,1173,22399,5.2,-0.29,28,19,36,-0.26,,,39,7,18,97937,19044,5.1,-0.63,4967,13087,38,32,44,-0.67,18,3.3,1.75,133,263,-0.64,226,84,73,95,-0.10,,,,,,,98,78,122,,,,79,66,93,9.6,0.67,Yes,0.55,11,9,14,7,5,9,4,3,5,1,0,1,-0.72,82,81,84,-0.70,,,,,,,81,72,89,,,,87,82,92,22716,40,36,44,0.34
22101,Louisiana,St. Mary,895,9744,8794,10694,-0.24,,,,,,,12120,10223,14017,,,,9096,7869,10323,24,23,25,0.41,4.9,4.8,5.1,0.26,5.0,4.9,5.2,0.01,,10,9,11,-0.46,,,,16,8,24,15,13,16,7,6,10,8,7,9,22,21,22,-0.09,38,32,45,0.14,6.2,0.55,37,30,43,1.10,89,-1.44,18,18,19,-0.07,11,51,22,14,29,-1.06,359,704.3,0.18,42,39,46,0.23,,,,,,,48,42,55,69,52,91,36,31,41,4469,11,9,12,0.73,26,51,1961:1,-0.32,20,40,2489:1,-0.22,62,125,803:1,0.55,5469,-0.54,,,6792,3495,5231,38,0.18,,36,38,41,38,42,-0.43,23,47,27,45,46,609,88,-0.52,4484,13071,34,30,38,1.19,1325,20103,6.6,0.78,29,19,39,-0.11,15,,34,16,18,79371,17199,4.6,-1.38,5514,12526,44,37,51,-0.03,42,8.2,0.33,273,517,0.34,222,86,74,97,0.02,,,,,,,93,73,116,61,31,110,87,72,103,9.0,-0.94,Yes,0.55,14,12,16,9,8,11,4,3,5,1,1,2,0.01,85,83,88,0.19,94,84,100,,,,85,79,90,72,52,91,86,85,88,19802,20,17,22,-1.44
22103,Louisiana,St. Tammany,3109,6977,6598,7356,-1.91,,,,,,,9420,8219,10621,4729,3499,6252,6790,6369,7211,16,16,17,-1.59,4.1,3.9,4.3,-1.51,4.7,4.6,4.9,-0.93,,9,8,9,-1.22,,,,8,5,10,13,12,15,8,7,10,8,7,8,18,17,18,-1.64,30,27,34,-1.53,8.4,-1.72,22,19,25,-1.75,81,-1.10,21,20,22,1.14,36,130,28,23,32,-0.43,995,388.2,-1.22,18,17,19,-1.91,,,,,,,30,26,33,30,25,37,15,14,16,19050,9,8,10,-0.62,208,81,1232:1,-1.49,201,78,1284:1,-2.19,614,238,420:1,-0.14,5753,-0.44,,2518,8630,4455,5493,44,-1.14,,31,39,55,45,45,-0.84,,37,32,46,46,2686,83,0.04,42150,61056,69,66,72,-2.01,4928,117656,4.2,-1.11,17,14,20,-1.40,33,6,32,36,8,131771,27469,4.8,-1.12,18600,60837,31,28,34,-1.45,195,7.6,0.52,410,165,-1.02,1068,84,79,90,-0.07,,,,,,,68,55,81,55,39,76,90,84,96,9.3,-0.13,Yes,0.55,13,12,14,11,10,12,1,1,2,1,0,1,-0.25,83,82,84,-0.48,,,,77,54,100,81,77,85,72,66,78,83,82,85,115022,46,44,48,0.84
22105,Louisiana,Tangipahoa,2222,10665,10038,11293,0.32,,,,,,,12957,11729,14185,,,,10197,9408,10985,22,22,23,-0.06,4.6,4.4,4.7,-0.52,5.0,4.9,5.2,-0.02,,11,10,11,-0.23,,,,13,7,19,15,14,16,7,5,8,8,7,8,22,21,23,0.09,39,34,44,0.30,6.7,0.03,34,30,38,0.52,68,-0.52,20,19,20,0.57,61,161,38,34,42,0.62,1088,821.2,0.70,40,38,42,0.03,,,,,,,58,54,62,46,34,60,28,25,30,11175,10,9,11,0.32,46,35,2880:1,0.31,59,44,2267:1,-0.43,284,212,471:1,0.02,7883,0.33,,,9570,6247,7308,38,0.18,,29,37,39,38,39,-0.03,,38,30,40,42,1407,71,1.31,18045,34866,52,48,56,-0.42,2979,54353,5.5,-0.09,24,17,32,-0.61,,67,59,36,13,96996,17407,5.6,-0.03,14321,31683,45,41,49,0.10,113,8.5,0.25,1088,870,1.70,639,98,90,105,0.84,,,,,,,85,72,98,62,36,99,107,97,117,8.9,-1.21,Yes,0.55,18,16,20,15,13,17,2,2,3,1,1,2,1.20,79,77,82,-1.54,,,,,,,76,69,83,55,43,66,84,81,86,54849,44,41,48,0.71
22107,Louisiana,Tensas,102,12381,8497,16264,1.36,,,,,,,,,,,,,,,,35,34,36,3.00,6.4,6.2,6.6,3.00,6.2,6.0,6.4,3.00,,9,6,12,-0.88,,,,,,,,,,,,,,,,28,28,29,2.68,31,21,41,-1.42,4.4,2.40,33,22,47,0.42,15,1.77,12,12,13,-3.00,3,9,33,15,51,0.15,28,606.7,-0.25,50,36,66,0.88,,,,,,,64,45,88,,,,30,14,55,382,11,9,13,1.01,,,,0.00,3,67,1487:1,-1.63,5,112,892:1,0.63,5893,-0.39,,,6598,,5914,29,2.16,,,31,,27,26,1.71,,,15,,35,,84,-0.09,240,908,26,17,36,1.91,113,1460,7.7,1.69,48,32,64,1.94,,,78,,14,54429,9855,5.5,-0.10,655,1122,58,46,71,1.50,3,6.5,0.83,7,151,-1.07,20,86,53,133,0.04,,,,,,,,,,,,,,,,9.2,-0.40,Yes,0.55,13,9,17,10,6,14,3,0,5,1,0,2,-0.37,89,85,94,1.29,,,,,,,86,72,100,,,,91,90,93,1288,28,20,37,-0.70
22109,Louisiana,Terrebonne,1737,9721,9072,10370,-0.25,7290,5276,9819,,,,13366,11620,15112,5188,3358,7659,9295,8519,10072,21,20,21,-0.40,4.6,4.4,4.8,-0.46,5.1,4.9,5.3,0.21,,9,9,10,-0.93,9,7,11,7,3,11,15,13,16,6,5,8,8,7,8,22,22,23,0.20,42,37,46,0.92,7.0,-0.28,31,27,35,0.01,81,-1.08,20,19,21,0.62,46,97,47,43,52,1.60,878,783.3,0.53,38,36,41,-0.12,45,36,55,,,,47,41,52,66,52,82,32,30,35,11433,12,11,13,1.83,46,41,2437:1,0.07,56,50,1983:1,-0.76,245,221,453:1,-0.03,5609,-0.49,8346,,8097,4621,5291,40,-0.26,,33,41,38,40,44,-0.70,44,60,31,41,46,1148,82,0.08,13732,30109,46,42,49,0.15,2323,46432,5.0,-0.47,23,16,30,-0.79,36,17,49,52,16,104576,18951,5.5,-0.10,11294,28465,40,35,44,-0.49,61,5.4,1.14,459,404,-0.10,519,92,84,100,0.45,63,39,96,,,,97,78,115,49,27,82,98,88,108,8.7,-1.75,Yes,0.55,13,12,15,10,8,11,4,3,5,1,0,1,-0.13,82,79,85,-0.74,83,72,93,,,,80,77,83,62,50,74,85,82,88,46008,26,24,29,-0.85
22111,Louisiana,Union,439,10166,8626,11707,0.02,,,,,,,13479,10257,16701,,,,9281,7403,11159,21,20,21,-0.44,4.6,4.5,4.8,-0.37,5.0,4.8,5.1,-0.26,,11,10,12,0.05,,,,,,,17,14,20,10,5,15,8,6,10,19,19,20,-0.97,38,30,47,0.17,7.2,-0.48,32,25,39,0.17,40,0.71,17,17,18,-0.69,7,28,25,15,36,-0.70,135,598.1,-0.29,39,33,45,-0.04,,,,,,,47,36,60,54,30,91,34,28,42,1792,10,9,12,0.39,2,9,11286:1,1.32,2,9,11165:1,1.41,22,99,1015:1,0.71,8385,0.51,,,10386,,7881,41,-0.48,,,42,,41,40,-0.17,,,26,37,42,207,65,1.91,1786,5022,36,29,42,1.07,519,9153,5.7,0.06,30,20,39,-0.04,,,55,41,18,90921,14707,6.2,0.83,1817,4921,37,30,44,-0.78,28,12.4,-0.87,61,271,-0.61,75,67,52,84,-1.28,,,,,,,69,42,107,,,,67,50,88,9.8,1.21,Yes,0.55,12,9,14,9,6,11,3,1,5,0,0,1,-0.62,85,83,88,0.13,,,,,,,86,61,100,,,,75,60,91,8000,57,50,64,1.84
22113,Louisiana,Vermilion,850,8480,7642,9317,-1.00,,,,,,,15054,12096,18011,,,,7352,6506,8198,21,20,22,-0.41,4.7,4.5,4.9,-0.25,5.1,4.9,5.3,0.20,,10,9,11,-0.62,,,,,,,16,14,18,8,4,11,8,8,9,20,20,21,-0.55,39,32,46,0.32,8.1,-1.41,34,27,40,0.50,60,-0.16,20,19,21,0.60,17,43,40,32,47,0.79,234,389.1,-1.21,39,35,42,-0.08,,,,,,,62,53,72,48,33,69,33,30,37,5459,11,9,12,0.81,19,32,3165:1,0.43,16,27,3739:1,0.48,24,40,2493:1,1.07,5217,-0.63,,,6601,2417,4991,41,-0.48,,29,39,42,42,40,-0.17,,50,29,41,41,571,94,-1.08,6689,14844,45,40,50,0.20,1276,24196,5.3,-0.26,25,17,33,-0.51,,30,45,32,13,100475,20190,5.0,-0.87,5156,15250,34,27,41,-1.11,31,5.2,1.22,232,387,-0.16,219,73,63,83,-0.85,,,,,,,105,77,140,,,,69,59,80,9.4,0.13,No,-1.79,14,11,16,8,7,10,5,3,6,1,1,2,-0.07,81,78,84,-0.90,,,,,,,66,53,80,,,,82,78,85,23937,40,36,45,0.36
22115,Louisiana,Vernon,716,9195,8301,10089,-0.57,,,,,,,11139,8613,13665,,,,9564,8470,10658,20,19,20,-0.65,4.6,4.5,4.8,-0.37,4.9,4.8,5.1,-0.32,,8,7,8,-1.73,,,,9,6,13,12,10,14,7,5,9,7,6,8,20,20,21,-0.60,35,29,43,-0.41,6.2,0.55,32,26,39,0.11,66,-0.45,22,21,23,1.56,24,48,50,43,56,1.86,370,729.4,0.29,56,52,61,1.49,,,,,,,46,37,57,58,44,76,60,54,66,3459,8,7,10,-1.10,16,32,3170:1,0.44,27,55,1810:1,-1.01,80,164,611:1,0.32,8537,0.57,,,9254,7266,8487,27,2.60,,9,25,32,28,39,-0.03,,41,32,32,40,491,91,-0.79,9110,15404,59,55,63,-1.10,1057,16040,6.6,0.78,24,18,29,-0.68,70,20,32,20,22,90054,20966,4.3,-1.83,3792,12796,30,26,34,-1.55,43,8.5,0.27,141,292,-0.53,194,77,66,87,-0.60,,,,,,,71,47,104,,,,87,73,100,9.5,0.40,No,-1.79,11,9,13,9,8,10,1,1,2,1,0,2,-0.86,85,82,89,0.20,,,,72,61,83,80,76,84,84,74,94,86,79,92,22178,21,19,23,-1.33
22117,Louisiana,Washington,1078,13484,12273,14695,2.02,,,,,,,13858,11693,16024,,,,13805,12278,15332,26,25,27,0.98,5.2,5.0,5.4,0.73,5.3,5.1,5.4,0.61,,12,11,13,0.53,,,,,,,16,14,18,13,8,19,10,9,11,23,23,24,0.58,43,37,49,1.18,7.0,-0.28,37,30,43,1.14,39,0.72,16,16,17,-1.21,19,55,35,28,41,0.28,353,757.0,0.42,41,37,45,0.13,,,,,,,43,37,50,,,,40,35,45,3738,10,9,12,0.34,22,47,2120:1,-0.17,12,26,3882:1,0.53,71,152,656:1,0.38,7237,0.10,,,7113,,7269,39,-0.04,,,46,,38,41,-0.30,,,35,42,43,503,82,0.17,4532,11231,40,35,46,0.63,968,16835,5.7,0.12,37,27,46,0.75,,,47,46,28,75832,13186,5.8,0.22,5949,11204,53,45,61,0.94,38,8.1,0.36,313,678,0.96,282,121,107,136,2.45,,,,,,,112,89,139,,,,127,109,145,9.1,-0.67,Yes,0.55,16,13,19,12,10,15,4,2,5,2,1,2,0.67,81,78,84,-1.03,,,,,,,73,66,81,,,,83,79,87,16465,43,37,48,0.56
22119,Louisiana,Webster,813,11660,10398,12922,0.92,,,,,,,12435,10307,14563,,,,11087,9534,12641,23,23,24,0.28,5.1,4.9,5.3,0.63,5.4,5.3,5.6,1.17,,12,11,13,0.78,,,,,,,17,15,19,,,,9,8,11,23,22,24,0.47,33,26,40,-0.95,5.9,0.86,31,25,38,-0.01,51,0.22,16,16,17,-1.20,13,43,30,22,38,-0.17,355,901.5,1.06,46,41,50,0.55,,,,,,,54,46,61,,,,42,36,48,2889,9,8,11,-0.24,24,61,1641:1,-0.71,9,23,4311:1,0.67,92,237,422:1,-0.13,6702,-0.10,,,6115,,6914,39,-0.04,,,43,,37,40,-0.17,,,31,44,43,448,77,0.68,4568,9261,49,43,55,-0.20,897,14668,6.1,0.41,35,26,43,0.51,,,56,55,28,64744,14575,4.4,-1.62,3716,8997,41,35,48,-0.32,49,12.4,-0.88,143,368,-0.24,158,80,67,92,-0.40,,,,,,,50,34,70,,,,95,78,112,9.9,1.48,Yes,0.55,16,13,19,13,11,16,2,1,4,1,1,2,0.55,89,86,91,1.15,,,,,,,91,88,95,,,,87,85,90,15155,38,33,42,0.14
22121,Louisiana,West Baton Rouge,369,8587,7311,9863,-0.93,,,,,,,9804,7729,11880,,,,8100,6342,9859,20,19,20,-0.66,4.4,4.2,4.5,-0.95,4.7,4.5,4.9,-1.02,,11,10,13,0.22,,,,,,,17,14,19,,,,8,7,10,20,19,21,-0.71,38,27,48,0.12,7.4,-0.69,21,13,30,-2.05,74,-0.77,20,19,21,0.74,21,49,43,36,50,1.13,152,578.7,-0.37,31,26,35,-0.81,,,,,,,41,33,50,,,,22,16,28,1654,7,6,9,-1.77,4,15,6566:1,1.07,4,15,6607:1,1.09,12,45,2202:1,1.04,5919,-0.38,,,6109,,6189,40,-0.26,,,44,,38,49,-1.37,,,43,,51,269,74,0.92,4066,7188,57,49,64,-0.86,601,13528,4.4,-0.91,20,13,27,-1.07,,,34,85,12,123098,23602,5.2,-0.53,2974,6248,48,37,58,0.35,12,4.6,1.39,89,351,-0.30,112,87,71,103,0.09,,,,,,,77,54,105,,,,94,73,119,9.0,-0.94,No,-1.79,14,10,17,11,8,15,2,1,3,1,0,1,-0.11,88,85,91,0.85,,,,,,,88,83,93,,,,88,84,93,12053,34,28,39,-0.22
22123,Louisiana,West Carroll,200,10912,8638,13187,0.47,,,,,,,,,,,,,,,,21,20,22,-0.30,4.8,4.6,5.0,0.01,5.0,4.8,5.2,-0.18,,11,9,13,-0.13,,,,,,,14,9,19,,,,10,8,12,21,21,22,-0.21,47,36,59,2.03,7.3,-0.58,29,21,39,-0.33,33,0.99,19,18,20,0.01,2,8,25,7,46,-0.70,55,500.9,-0.72,45,36,54,0.47,,,,,,,39,24,61,,,,46,36,57,915,11,9,12,0.88,3,27,3660:1,0.60,3,27,3661:1,0.45,6,55,1830:1,0.98,15450,3.00,,,17547,,15144,37,0.40,,,36,,37,25,1.85,,,13,,26,120,93,-1.05,999,2784,36,29,43,1.04,358,3890,9.2,2.84,34,24,44,0.45,,,79,7,24,90200,16105,5.6,0.01,915,2610,35,25,46,-0.98,20,18.2,-2.54,46,402,-0.11,58,104,79,134,1.25,,,,,,,,,,,,,,,,9.6,0.67,Yes,0.55,5,3,8,4,2,6,1,0,2,1,0,2,-2.49,85,81,89,0.07,,,,,,,84,71,98,,,,82,76,88,3632,29,23,36,-0.60
22125,Louisiana,West Feliciana,285,8675,7177,10174,-0.88,,,,,,,9445,7205,11685,,,,8226,6123,10328,21,20,22,-0.40,4.5,4.3,4.7,-0.75,4.5,4.3,4.7,-1.50,,9,7,11,-0.99,,,,,,,15,11,19,,,,5,4,7,22,21,23,0.04,22,12,36,-3.00,6.3,0.45,14,8,27,-3.00,15,1.78,20,19,21,0.63,4,14,29,14,44,-0.34,35,227.6,-1.93,27,21,34,-1.16,,,,,,,30,20,45,,,,25,18,34,557,7,6,8,-2.26,11,72,1398:1,-1.12,7,45,2209:1,-0.49,19,123,814:1,0.56,3945,-1.09,,,5909,,3134,34,1.06,,,29,,35,46,-0.97,,,38,,47,143,91,-0.80,1994,4346,46,37,54,0.12,212,5334,4.0,-1.28,19,13,25,-1.15,,,72,40,7,127000,19789,6.4,1.17,1089,2539,43,28,58,-0.15,8,5.2,1.21,40,261,-0.65,68,88,69,112,0.19,,,,,,,80,53,116,,,,97,69,132,9.0,-0.94,No,-1.79,13,9,18,9,5,14,4,1,7,1,0,2,-0.18,90,85,95,1.40,,,,,,,88,80,97,,,,90,87,94,5578,47,34,61,0.98
22127,Louisiana,Winn,291,11545,9446,13644,0.85,,,,,,,9488,6571,13259,,,,13273,10362,16185,24,24,25,0.54,5.1,5.0,5.3,0.64,5.2,5.0,5.4,0.47,,11,9,13,0.12,,,,,,,16,12,20,,,,9,7,11,23,22,24,0.46,37,29,47,-0.01,6.0,0.75,27,19,36,-0.91,80,-1.06,17,17,18,-0.62,7,23,30,19,42,-0.15,108,754.7,0.41,42,35,50,0.25,,,,,,,48,35,63,,,,41,32,51,932,9,8,11,-0.41,8,56,1789:1,-0.51,5,35,2827:1,0.03,4,28,3534:1,1.14,11250,1.55,,,15364,,10734,32,1.50,,,33,,32,42,-0.43,,,30,,44,175,85,-0.20,1400,3800,37,30,44,0.96,309,4925,6.3,0.53,29,19,39,-0.13,,,48,20,25,82780,15241,5.4,-0.23,1231,3026,41,29,52,-0.38,15,10.5,-0.31,71,485,0.21,60,83,63,107,-0.16,,,,,,,,,,,,,,,,9.4,0.13,Yes,0.55,10,7,13,8,5,12,1,0,3,1,0,2,-1.20,87,83,91,0.60,,,,,,,85,75,95,,,,88,83,93,5053,32,25,39,-0.35
